Mês / Ano de Referência;Entidade;UC/CNPJ;Total Repassado
jan/15;FNDE;153173 / 15253;2.604.077.590
jan/15;INCRA;373001 / 37201;181.456.016
jan/15;SENAI;33.564.543/0001-90;219.119.330
jan/15;SESI;33.641.358/0001-52;313.370.139
jan/15;SENAC;33.469.172/0001-68;334.005.249
jan/15;SESC;33.469.164/0001-11;597.447.338
jan/15;SEBRAE;00.330.854/0001-45;428.247.534
jan/15;EMBRATUR;35.842.428/0001-66;0
jan/15;DPC;852001 / 00001;20.988.896
jan/15;ANAC;122002 / 00001;30.221.162
jan/15;SENAR;37.138.245/0001-90;40.999.819
jan/15;SEST;73.471.989/0001-95;57.041.322
jan/15;SENAT;73.471.963/0001-47;37.293.612
jan/15;SESCOOP;03.087.543/0001-86;39.616.737
jan/15;SDR;420013 / 00001;32.001.111
jan/15;APEX-BR;05.507.500/0001-38;62.241.408
jan/15;ABDI;07.200.966/0001-11;8.917.017
fev/15;FNDE;153173 / 15253;1.526.976.201
fev/15;INCRA;373001 / 37201;106.202.613
fev/15;SENAI;33.564.543/0001-90;135.090.247
fev/15;SESI;33.641.358/0001-52;193.889.080
fev/15;SENAC;33.469.172/0001-68;199.378.928
fev/15;SESC;33.469.164/0001-11;355.385.173
fev/15;SEBRAE;00.330.854/0001-45;253.753.729
fev/15;EMBRATUR;35.842.428/0001-66;0
fev/15;DPC;852001 / 00001;12.376.606
fev/15;ANAC;122002 / 00001;17.622.443
fev/15;SENAR;37.138.245/0001-90;39.006.482
fev/15;SEST;73.471.989/0001-95;34.810.740
fev/15;SENAT;73.471.963/0001-47;22.063.632
fev/15;SESCOOP;03.087.543/0001-86;22.396.117
fev/15;SDR;420013 / 00001;18.728.858
fev/15;APEX-BR;05.507.500/0001-38;36.879.718
fev/15;ABDI;07.200.966/0001-11;5.283.568
mar/15;FNDE;153173 / 15253;1.497.863.152
mar/15;INCRA;373001 / 37201;104.401.840
mar/15;SENAI;33.564.543/0001-90;130.078.300
mar/15;SESI;33.641.358/0001-52;186.597.391
mar/15;SENAC;33.469.172/0001-68;194.608.000
mar/15;SESC;33.469.164/0001-11;350.007.688
mar/15;SEBRAE;00.330.854/0001-45;250.133.611
mar/15;EMBRATUR;35.842.428/0001-66;0
mar/15;DPC;852001 / 00001;12.688.337
mar/15;ANAC;122002 / 00001;17.651.320
mar/15;SENAR;37.138.245/0001-90;38.444.869
mar/15;SEST;73.471.989/0001-95;35.367.894
mar/15;SENAT;73.471.963/0001-47;22.303.291
mar/15;SESCOOP;03.087.543/0001-86;22.938.132
mar/15;SDR;420013 / 00001;18.417.897
mar/15;APEX-BR;05.507.500/0001-38;35.640.967
mar/15;ABDI;07.200.966/0001-11;5.106.097
abr/15;FNDE;153173 / 15253;1.491.264.359
abr/15;INCRA;373001 / 37201;104.205.840
abr/15;SENAI;33.564.543/0001-90;129.316.956
abr/15;SESI;33.641.358/0001-52;186.271.308
abr/15;SENAC;33.469.172/0001-68;194.953.409
abr/15;SESC;33.469.164/0001-11;347.541.683
abr/15;SEBRAE;00.330.854/0001-45;246.697.381
abr/15;EMBRATUR;35.842.428/0001-66;0
abr/15;DPC;852001 / 00001;11.957.274
abr/15;ANAC;122002 / 00001;15.279.686
abr/15;SENAR;37.138.245/0001-90;43.489.888
abr/15;SEST;73.471.989/0001-95;35.896.833
abr/15;SENAT;73.471.963/0001-47;22.647.809
abr/15;SESCOOP;03.087.543/0001-86;22.372.341
abr/15;SDR;420013 / 00001;18.378.264
abr/15;APEX-BR;05.507.500/0001-38;35.586.839
abr/15;ABDI;07.200.966/0001-11;5.098.347
mai/15;FNDE;153173 / 15253;1.471.212.673
mai/15;INCRA;373001 / 37201;102.665.967
mai/15;SENAI;33.564.543/0001-90;125.354.190
mai/15;SESI;33.641.358/0001-52;180.214.592
mai/15;SENAC;33.469.172/0001-68;190.691.531
mai/15;SESC;33.469.164/0001-11;341.443.211
mai/15;SEBRAE;00.330.854/0001-45;242.484.318
mai/15;EMBRATUR;35.842.428/0001-66;0
mai/15;DPC;852001 / 00001;12.455.587
mai/15;ANAC;122002 / 00001;19.480.138
mai/15;SENAR;37.138.245/0001-90;69.520.527
mai/15;SEST;73.471.989/0001-95;35.114.292
mai/15;SENAT;73.471.963/0001-47;22.223.146
mai/15;SESCOOP;03.087.543/0001-86;22.210.052
mai/15;SDR;420013 / 00001;18.104.427
mai/15;APEX-BR;05.507.500/0001-38;34.971.787
mai/15;ABDI;07.200.966/0001-11;5.010.227
jun/15;FNDE;153173 / 15253;1.493.670.147
jun/15;INCRA;373001 / 37201;104.741.545
jun/15;SENAI;33.564.543/0001-90;127.849.778
jun/15;SESI;33.641.358/0001-52;184.460.043
jun/15;SENAC;33.469.172/0001-68;196.440.178
jun/15;SESC;33.469.164/0001-11;351.491.056
jun/15;SEBRAE;00.330.854/0001-45;246.852.283
jun/15;EMBRATUR;35.842.428/0001-66;0
jun/15;DPC;852001 / 00001;12.053.305
jun/15;ANAC;122002 / 00001;17.506.318
jun/15;SENAR;37.138.245/0001-90;63.531.019
jun/15;SEST;73.471.989/0001-95;36.143.031
jun/15;SENAT;73.471.963/0001-47;22.848.653
jun/15;SESCOOP;03.087.543/0001-86;22.488.438
jun/15;SDR;420013 / 00001;18.472.932
jun/15;APEX-BR;05.507.500/0001-38;35.651.779
jun/15;ABDI;07.200.966/0001-11;5.107.645
jul/15;FNDE;153173 / 15253;1.513.119.629
jul/15;INCRA;373001 / 37201;106.734.993
jul/15;SENAI;33.564.543/0001-90;130.911.622
jul/15;SESI;33.641.358/0001-52;188.067.056
jul/15;SENAC;33.469.172/0001-68;198.775.366
jul/15;SESC;33.469.164/0001-11;357.769.318
jul/15;SEBRAE;00.330.854/0001-45;251.290.982
jul/15;EMBRATUR;35.842.428/0001-66;0
jul/15;DPC;852001 / 00001;12.344.448
jul/15;ANAC;122002 / 00001;16.927.860
jul/15;SENAR;37.138.245/0001-90;55.866.485
jul/15;SEST;73.471.989/0001-95;37.714.635
jul/15;SENAT;73.471.963/0001-47;24.117.872
jul/15;SESCOOP;03.087.543/0001-86;22.770.769
jul/15;SDR;420013 / 00001;18.823.330
jul/15;APEX-BR;05.507.500/0001-38;36.283.379
jul/15;ABDI;07.200.966/0001-11;5.198.127
ago/15;FNDE;153173 / 15253;1.423.029.337
ago/15;INCRA;373001 / 37201;99.312.699
ago/15;SENAI;33.564.543/0001-90;120.579.877
ago/15;SESI;33.641.358/0001-52;173.341.613
ago/15;SENAC;33.469.172/0001-68;186.518.805
ago/15;SESC;33.469.164/0001-11;334.869.835
ago/15;SEBRAE;00.330.854/0001-45;236.223.522
ago/15;EMBRATUR;35.842.428/0001-66;0
ago/15;DPC;852001 / 00001;12.096.033
ago/15;ANAC;122002 / 00001;16.007.685
ago/15;SENAR;37.138.245/0001-90;52.971.979
ago/15;SEST;73.471.989/0001-95;35.870.763
ago/15;SENAT;73.471.963/0001-47;22.634.160
ago/15;SESCOOP;03.087.543/0001-86;21.936.120
ago/15;SDR;420013 / 00001;17.516.208
ago/15;APEX-BR;05.507.500/0001-38;34.121.502
ago/15;ABDI;07.200.966/0001-11;4.888.414
set/15;FNDE;153173 / 15253;1.562.096.473
set/15;INCRA;373001 / 37201;110.041.323
set/15;SENAI;33.564.543/0001-90;134.680.242
set/15;SESI;33.641.358/0001-52;193.913.488
set/15;SENAC;33.469.172/0001-68;204.643.886
set/15;SESC;33.469.164/0001-11;368.111.074
set/15;SEBRAE;00.330.854/0001-45;258.191.826
set/15;EMBRATUR;35.842.428/0001-66;0
set/15;DPC;852001 / 00001;12.785.671
set/15;ANAC;122002 / 00001;18.450.493
set/15;SENAR;37.138.245/0001-90;58.350.822
set/15;SEST;73.471.989/0001-95;40.999.695
set/15;SENAT;73.471.963/0001-47;25.886.746
set/15;SESCOOP;03.087.543/0001-86;23.494.676
set/15;SDR;420013 / 00001;19.406.435
set/15;APEX-BR;05.507.500/0001-38;37.300.570
set/15;ABDI;07.200.966/0001-11;5.343.856
out/15;FNDE;153173 / 15253;1.475.278.041
out/15;INCRA;373001 / 37201;102.912.717
out/15;SENAI;33.564.543/0001-90;125.160.250
out/15;SESI;33.641.358/0001-52;179.631.610
out/15;SENAC;33.469.172/0001-68;193.903.575
out/15;SESC;33.469.164/0001-11;347.121.597
out/15;SEBRAE;00.330.854/0001-45;243.374.577
out/15;EMBRATUR;35.842.428/0001-66;0
out/15;DPC;852001 / 00001;12.095.445
out/15;ANAC;122002 / 00001;15.653.426
out/15;SENAR;37.138.245/0001-90;55.014.695
out/15;SEST;73.471.989/0001-95;37.047.706
out/15;SENAT;73.471.963/0001-47;23.350.397
out/15;SESCOOP;03.087.543/0001-86;23.668.256
out/15;SDR;420013 / 00001;18.149.574
out/15;APEX-BR;05.507.500/0001-38;35.119.139
out/15;ABDI;07.200.966/0001-11;5.031.336
nov/15;FNDE;153173 / 15253;1.418.418.705
nov/15;INCRA;373001 / 37201;99.203.321
nov/15;SENAI;33.564.543/0001-90;120.055.039
nov/15;SESI;33.641.358/0001-52;172.125.628
nov/15;SENAC;33.469.172/0001-68;189.277.058
nov/15;SESC;33.469.164/0001-11;330.379.586
nov/15;SEBRAE;00.330.854/0001-45;235.550.305
nov/15;EMBRATUR;35.842.428/0001-66;0
nov/15;DPC;852001 / 00001;12.170.236
nov/15;ANAC;122002 / 00001;15.515.840
nov/15;SENAR;37.138.245/0001-90;55.841.556
nov/15;SEST;73.471.989/0001-95;35.734.607
nov/15;SENAT;73.471.963/0001-47;22.512.368
nov/15;SESCOOP;03.087.543/0001-86;22.659.534
nov/15;SDR;420013 / 00001;17.494.083
nov/15;APEX-BR;05.507.500/0001-38;33.952.467
nov/15;ABDI;07.200.966/0001-11;4.864.197
dez/15;FNDE;153173 / 15253;1.505.051.956
dez/15;INCRA;373001 / 37201;107.359.603
dez/15;SENAI;33.564.543/0001-90;125.669.841
dez/15;SESI;33.641.358/0001-52;180.405.910
dez/15;SENAC;33.469.172/0001-68;200.515.725
dez/15;SESC;33.469.164/0001-11;360.311.950
dez/15;SEBRAE;00.330.854/0001-45;249.253.135
dez/15;EMBRATUR;35.842.428/0001-66;0
dez/15;DPC;852001 / 00001;12.181.794
dez/15;ANAC;122002 / 00001;19.097.423
dez/15;SENAR;37.138.245/0001-90;55.237.564
dez/15;SEST;73.471.989/0001-95;38.150.014
dez/15;SENAT;73.471.963/0001-47;24.009.971
dez/15;SESCOOP;03.087.543/0001-86;25.082.901
dez/15;SDR;420013 / 00001;18.935.023
dez/15;APEX-BR;05.507.500/0001-38;35.780.894
dez/15;ABDI;07.200.966/0001-11;5.126.142
jan/16;FNDE;153173 / 15253;2.641.342.636
jan/16;INCRA;373001 / 37201;184.369.799
jan/16;SENAI;33.564.543/0001-90;206.590.219
jan/16;SESI;33.641.358/0001-52;295.942.048
jan/16;SENAC;33.469.172/0001-68;341.443.629
jan/16;SESC;33.469.164/0001-11;616.112.072
jan/16;SEBRAE;00.330.854/0001-45;427.854.975
jan/16;EMBRATUR;35.842.428/0001-66;0
jan/16;DPC;852001 / 00001;19.619.304
jan/16;ANAC;122002 / 00001;29.767.428
jan/16;SENAR;37.138.245/0001-90;49.508.667
jan/16;SEST;73.471.989/0001-95;57.950.675
jan/16;SENAT;73.471.963/0001-47;37.579.076
jan/16;SESCOOP;03.087.543/0001-86;43.435.416
jan/16;SDR;420013 / 00001;32.532.048
jan/16;APEX-BR;05.507.500/0001-38;61.982.179
jan/16;ABDI;07.200.966/0001-11;8.879.876
fev/16;FNDE;153173 / 15253;1.561.552.120
fev/16;INCRA;373001 / 37201;108.896.716
fev/16;SENAI;33.564.543/0001-90;126.387.105
fev/16;SESI;33.641.358/0001-52;181.272.664
fev/16;SENAC;33.469.172/0001-68;204.004.841
fev/16;SESC;33.469.164/0001-11;368.394.356
fev/16;SEBRAE;00.330.854/0001-45;256.686.003
fev/16;EMBRATUR;35.842.428/0001-66;0
fev/16;DPC;852001 / 00001;13.112.651
fev/16;ANAC;122002 / 00001;21.368.230
fev/16;SENAR;37.138.245/0001-90;47.883.790
fev/16;SEST;73.471.989/0001-95;35.750.274
fev/16;SENAT;73.471.963/0001-47;22.783.314
fev/16;SESCOOP;03.087.543/0001-86;24.725.690
fev/16;SDR;420013 / 00001;19.205.062
fev/16;APEX-BR;05.507.500/0001-38;37.086.041
fev/16;ABDI;07.200.966/0001-11;5.313.125
mar/16;FNDE;153173 / 15253;1.530.800.283
mar/16;INCRA;373001 / 37201;108.377.346
mar/16;SENAI;33.564.543/0001-90;122.383.201
mar/16;SESI;33.641.358/0001-52;175.527.864
mar/16;SENAC;33.469.172/0001-68;202.830.494
mar/16;SESC;33.469.164/0001-11;364.750.091
mar/16;SEBRAE;00.330.854/0001-45;250.966.990
mar/16;EMBRATUR;35.842.428/0001-66;0
mar/16;DPC;852001 / 00001;12.413.229
mar/16;ANAC;122002 / 00001;18.258.660
mar/16;SENAR;37.138.245/0001-90;47.820.863
mar/16;SEST;73.471.989/0001-95;34.955.731
mar/16;SENAT;73.471.963/0001-47;22.512.395
mar/16;SESCOOP;03.087.543/0001-86;24.991.432
mar/16;SDR;420013 / 00001;19.115.041
mar/16;APEX-BR;05.507.500/0001-38;36.272.504
mar/16;ABDI;07.200.966/0001-11;5.196.571
abr/16;FNDE;153173 / 15253;1.528.966.346
abr/16;INCRA;373001 / 37201;109.831.194
abr/16;SENAI;33.564.543/0001-90;119.621.420
abr/16;SESI;33.641.358/0001-52;172.076.300
abr/16;SENAC;33.469.172/0001-68;203.696.264
abr/16;SESC;33.469.164/0001-11;366.728.299
abr/16;SEBRAE;00.330.854/0001-45;247.671.943
abr/16;EMBRATUR;35.842.428/0001-66;0
abr/16;DPC;852001 / 00001;12.767.809
abr/16;ANAC;122002 / 00001;17.381.576
abr/16;SENAR;37.138.245/0001-90;63.908.355
abr/16;SEST;73.471.989/0001-95;36.483.309
abr/16;SENAT;73.471.963/0001-47;23.138.349
abr/16;SESCOOP;03.087.543/0001-86;25.517.130
abr/16;SDR;420013 / 00001;19.349.348
abr/16;APEX-BR;05.507.500/0001-38;35.970.070
abr/16;ABDI;07.200.966/0001-11;5.157.779
mai/16;FNDE;153173 / 15253;1.516.892.712
mai/16;INCRA;373001 / 37201;108.268.397
mai/16;SENAI;33.564.543/0001-90;119.127.791
mai/16;SESI;33.641.358/0001-52;170.318.209
mai/16;SENAC;33.469.172/0001-68;201.282.019
mai/16;SESC;33.469.164/0001-11;362.275.318
mai/16;SEBRAE;00.330.854/0001-45;246.943.494
mai/16;EMBRATUR;35.842.428/0001-66;0
mai/16;DPC;852001 / 00001;12.409.046
mai/16;ANAC;122002 / 00001;19.313.677
mai/16;SENAR;37.138.245/0001-90;79.546.181
mai/16;SEST;73.471.989/0001-95;36.145.029
mai/16;SENAT;73.471.963/0001-47;22.936.647
mai/16;SESCOOP;03.087.543/0001-86;24.740.018
mai/16;SDR;420013 / 00001;19.095.257
mai/16;APEX-BR;05.507.500/0001-38;35.892.379
mai/16;ABDI;07.200.966/0001-11;5.145.673
jun/16;FNDE;153173 / 15253;1.509.666.579
jun/16;INCRA;373001 / 37201;107.413.776
jun/16;SENAI;33.564.543/0001-90;117.979.521
jun/16;SESI;33.641.358/0001-52;169.891.463
jun/16;SENAC;33.469.172/0001-68;201.597.396
jun/16;SESC;33.469.164/0001-11;364.622.706
jun/16;SEBRAE;00.330.854/0001-45;246.925.570
jun/16;EMBRATUR;35.842.428/0001-66;0
jun/16;DPC;852001 / 00001;12.191.203
jun/16;ANAC;122002 / 00001;17.529.922
jun/16;SENAR;37.138.245/0001-90;73.787.196
jun/16;SEST;73.471.989/0001-95;37.319.302
jun/16;SENAT;73.471.963/0001-47;23.522.935
jun/16;SESCOOP;03.087.543/0001-86;24.688.810
jun/16;SDR;420013 / 00001;18.941.515
jun/16;APEX-BR;05.507.500/0001-38;35.886.008
jun/16;ABDI;07.200.966/0001-11;5.145.221
jul/16;FNDE;153173 / 15253;1.508.243.008
jul/16;INCRA;373001 / 37201;107.299.542
jul/16;SENAI;33.564.543/0001-90;117.872.161
jul/16;SESI;33.641.358/0001-52;170.194.629
jul/16;SENAC;33.469.172/0001-68;201.560.599
jul/16;SESC;33.469.164/0001-11;364.791.516
jul/16;SEBRAE;00.330.854/0001-45;246.071.875
jul/16;EMBRATUR;35.842.428/0001-66;0
jul/16;DPC;852001 / 00001;12.461.579
jul/16;ANAC;122002 / 00001;17.073.331
jul/16;SENAR;37.138.245/0001-90;70.333.932
jul/16;SEST;73.471.989/0001-95;36.758.381
jul/16;SENAT;73.471.963/0001-47;23.511.519
jul/16;SESCOOP;03.087.543/0001-86;24.125.101
jul/16;SDR;420013 / 00001;18.923.752
jul/16;APEX-BR;05.507.500/0001-38;35.764.920
jul/16;ABDI;07.200.966/0001-11;5.127.220
ago/16;FNDE;153173 / 15253;1.507.691.739
ago/16;INCRA;373001 / 37201;107.173.149
ago/16;SENAI;33.564.543/0001-90;120.585.915
ago/16;SESI;33.641.358/0001-52;170.353.966
ago/16;SENAC;33.469.172/0001-68;201.108.906
ago/16;SESC;33.469.164/0001-11;364.193.406
ago/16;SEBRAE;00.330.854/0001-45;245.916.784
ago/16;EMBRATUR;35.842.428/0001-66;0
ago/16;DPC;852001 / 00001;11.942.655
ago/16;ANAC;122002 / 00001;17.078.560
ago/16;SENAR;37.138.245/0001-90;68.972.852
ago/16;SEST;73.471.989/0001-95;37.749.731
ago/16;SENAT;73.471.963/0001-47;23.883.954
ago/16;SESCOOP;03.087.543/0001-86;25.354.097
ago/16;SDR;420013 / 00001;18.900.864
ago/16;APEX-BR;05.507.500/0001-38;35.741.610
ago/16;ABDI;07.200.966/0001-11;5.123.894
set/16;FNDE;153173 / 15253;1.532.494.539
set/16;INCRA;373001 / 37201;109.284.187
set/16;SENAI;33.564.543/0001-90;119.636.151
set/16;SESI;33.641.358/0001-52;171.178.904
set/16;SENAC;33.469.172/0001-68;203.456.829
set/16;SESC;33.469.164/0001-11;370.276.641
set/16;SEBRAE;00.330.854/0001-45;249.118.519
set/16;EMBRATUR;35.842.428/0001-66;0
set/16;DPC;852001 / 00001;12.385.763
set/16;ANAC;122002 / 00001;17.953.196
set/16;SENAR;37.138.245/0001-90;62.038.443
set/16;SEST;73.471.989/0001-95;39.205.389
set/16;SENAT;73.471.963/0001-47;24.699.514
set/16;SESCOOP;03.087.543/0001-86;25.300.940
set/16;SDR;420013 / 00001;19.274.012
set/16;APEX-BR;05.507.500/0001-38;36.207.965
set/16;ABDI;07.200.966/0001-11;5.190.837
out/16;FNDE;153173 / 15253;1.508.696.077
out/16;INCRA;373001 / 37201;107.424.270
out/16;SENAI;33.564.543/0001-90;117.700.984
out/16;SESI;33.641.358/0001-52;167.921.658
out/16;SENAC;33.469.172/0001-68;200.823.518
out/16;SESC;33.469.164/0001-11;362.100.502
out/16;SEBRAE;00.330.854/0001-45;245.199.472
out/16;EMBRATUR;35.842.428/0001-66;0
out/16;DPC;852001 / 00001;11.980.558
out/16;ANAC;122002 / 00001;17.670.036
out/16;SENAR;37.138.245/0001-90;62.350.157
out/16;SEST;73.471.989/0001-95;38.498.980
out/16;SENAT;73.471.963/0001-47;24.257.440
out/16;SESCOOP;03.087.543/0001-86;25.172.112
out/16;SDR;420013 / 00001;18.942.562
out/16;APEX-BR;05.507.500/0001-38;35.633.854
out/16;ABDI;07.200.966/0001-11;5.108.221
nov/16;FNDE;153173 / 15253;1.513.447.335
nov/16;INCRA;373001 / 37201;108.428.690
nov/16;SENAI;33.564.543/0001-90;115.509.710
nov/16;SESI;33.641.358/0001-52;164.748.587
nov/16;SENAC;33.469.172/0001-68;204.228.711
nov/16;SESC;33.469.164/0001-11;368.469.675
nov/16;SEBRAE;00.330.854/0001-45;246.228.294
nov/16;EMBRATUR;35.842.428/0001-66;0
nov/16;DPC;852001 / 00001;12.927.844
nov/16;ANAC;122002 / 00001;18.599.839
nov/16;SENAR;37.138.245/0001-90;60.921.075
nov/16;SEST;73.471.989/0001-95;38.350.276
nov/16;SENAT;73.471.963/0001-47;24.704.920
nov/16;SESCOOP;03.087.543/0001-86;25.281.760
nov/16;SDR;420013 / 00001;19.122.502
nov/16;APEX-BR;05.507.500/0001-38;35.888.775
nov/16;ABDI;07.200.966/0001-11;5.859.461
dez/16;FNDE;153173 / 15253;1.546.232.107
dez/16;INCRA;373001 / 37201;110.405.058
dez/16;SENAI;33.564.543/0001-90;116.685.279
dez/16;SESI;33.641.358/0001-52;166.083.645
dez/16;SENAC;33.469.172/0001-68;205.439.362
dez/16;SESC;33.469.164/0001-11;370.261.203
dez/16;SEBRAE;00.330.854/0001-45;247.453.900
dez/16;EMBRATUR;35.842.428/0001-66;0
dez/16;DPC;852001 / 00001;11.659.882
dez/16;ANAC;122002 / 00001;18.790.089
dez/16;SENAR;37.138.245/0001-90;57.157.293
dez/16;SEST;73.471.989/0001-95;38.242.492
dez/16;SENAT;73.471.963/0001-47;24.056.099
dez/16;SESCOOP;03.087.543/0001-86;26.006.277
dez/16;SDR;420013 / 00001;19.478.451
dez/16;APEX-BR;05.507.500/0001-38;36.076.902
dez/16;ABDI;07.200.966/0001-11;5.890.174
jan/17;FNDE;153173 / 15253;2.719.560.019
jan/17;INCRA;373001 / 37201;192.614.501
jan/17;SENAI;33.564.543/0001-90;195.510.573
jan/17;SESI;33.641.358/0001-52;278.280.064
jan/17;SENAC;33.469.172/0001-68;362.480.165
jan/17;SESC;33.469.164/0001-11;659.533.185
jan/17;SEBRAE;00.330.854/0001-45;436.906.000
jan/17;EMBRATUR;35.842.428/0001-66;0
jan/17;DPC;852001 / 00001;20.281.534
jan/17;ANAC;122002 / 00001;32.072.735
jan/17;SENAR;37.138.245/0001-90;54.514.766
jan/17;SEST;73.471.989/0001-95;61.283.907
jan/17;SENAT;73.471.963/0001-47;39.525.947
jan/17;SESCOOP;03.087.543/0001-86;48.653.186
jan/17;SDR;420013 / 00001;33.978.648
jan/17;APEX-BR;05.507.500/0001-38;63.692.770
jan/17;ABDI;07.200.966/0001-11;10.398.892
fev/17;FNDE;153173 / 15253;1.565.756.519
fev/17;INCRA;373001 / 37201;111.163.163
fev/17;SENAI;33.564.543/0001-90;118.256.846
fev/17;SESI;33.641.358/0001-52;167.938.770
fev/17;SENAC;33.469.172/0001-68;213.183.588
fev/17;SESC;33.469.164/0001-11;386.724.661
fev/17;SEBRAE;00.330.854/0001-45;255.305.221
fev/17;EMBRATUR;35.842.428/0001-66;0
fev/17;DPC;852001 / 00001;12.550.428
fev/17;ANAC;122002 / 00001;17.528.165
fev/17;SENAR;37.138.245/0001-90;49.945.186
fev/17;SEST;73.471.989/0001-95;37.692.320
fev/17;SENAT;73.471.963/0001-47;23.651.156
fev/17;SESCOOP;03.087.543/0001-86;27.300.094
fev/17;SDR;420013 / 00001;19.603.138
fev/17;APEX-BR;05.507.500/0001-38;36.988.184
fev/17;ABDI;07.200.966/0001-11;6.038.874
mar/17;FNDE;153173 / 15253;1.548.248.317
mar/17;INCRA;373001 / 37201;109.309.496
mar/17;SENAI;33.564.543/0001-90;112.145.703
mar/17;SESI;33.641.358/0001-52;160.025.709
mar/17;SENAC;33.469.172/0001-68;208.339.070
mar/17;SESC;33.469.164/0001-11;379.113.965
mar/17;SEBRAE;00.330.854/0001-45;249.394.900
mar/17;EMBRATUR;35.842.428/0001-66;0
mar/17;DPC;852001 / 00001;11.795.997
mar/17;ANAC;122002 / 00001;18.305.695
mar/17;SENAR;37.138.245/0001-90;48.325.796
mar/17;SEST;73.471.989/0001-95;35.984.706
mar/17;SENAT;73.471.963/0001-47;22.577.514
mar/17;SESCOOP;03.087.543/0001-86;26.526.808
mar/17;SDR;420013 / 00001;19.238.563
mar/17;APEX-BR;05.507.500/0001-38;36.298.898
mar/17;ABDI;07.200.966/0001-11;5.926.422
abr/17;FNDE;153173 / 15253;1.560.713.935
abr/17;INCRA;373001 / 37201;110.767.847
abr/17;SENAI;33.564.543/0001-90;113.425.258
abr/17;SESI;33.641.358/0001-52;161.952.385
abr/17;SENAC;33.469.172/0001-68;210.355.750
abr/17;SESC;33.469.164/0001-11;379.964.945
abr/17;SEBRAE;00.330.854/0001-45;250.714.994
abr/17;EMBRATUR;35.842.428/0001-66;0
abr/17;DPC;852001 / 00001;12.709.295
abr/17;ANAC;122002 / 00001;17.685.865
abr/17;SENAR;37.138.245/0001-90;64.552.019
abr/17;SEST;73.471.989/0001-95;37.524.795
abr/17;SENAT;73.471.963/0001-47;23.668.078
abr/17;SESCOOP;03.087.543/0001-86;26.601.654
abr/17;SDR;420013 / 00001;19.534.962
abr/17;APEX-BR;05.507.500/0001-38;36.542.570
abr/17;ABDI;07.200.966/0001-11;5.966.232
mai/17;FNDE;153173 / 15253;1.535.979.498
mai/17;INCRA;373001 / 37201;109.261.366
mai/17;SENAI;33.564.543/0001-90;112.748.383
mai/17;SESI;33.641.358/0001-52;160.104.982
mai/17;SENAC;33.469.172/0001-68;206.526.797
mai/17;SESC;33.469.164/0001-11;372.910.277
mai/17;SEBRAE;00.330.854/0001-45;248.935.171
mai/17;EMBRATUR;35.842.428/0001-66;0
mai/17;DPC;852001 / 00001;12.216.827
mai/17;ANAC;122002 / 00001;17.277.805
mai/17;SENAR;37.138.245/0001-90;83.955.034
mai/17;SEST;73.471.989/0001-95;38.292.139
mai/17;SENAT;73.471.963/0001-47;24.113.506
mai/17;SESCOOP;03.087.543/0001-86;26.730.534
mai/17;SDR;420013 / 00001;19.268.703
mai/17;APEX-BR;05.507.500/0001-38;36.282.503
mai/17;ABDI;07.200.966/0001-11;5.923.773
jun/17;FNDE;153173 / 15253;1.568.881.986
jun/17;INCRA;373001 / 37201;112.028.525
jun/17;SENAI;33.564.543/0001-90;114.823.853
jun/17;SESI;33.641.358/0001-52;163.229.045
jun/17;SENAC;33.469.172/0001-68;214.256.135
jun/17;SESC;33.469.164/0001-11;388.141.110
jun/17;SEBRAE;00.330.854/0001-45;253.382.084
jun/17;EMBRATUR;35.842.428/0001-66;0
jun/17;DPC;852001 / 00001;12.288.117
jun/17;ANAC;122002 / 00001;18.744.632
jun/17;SENAR;37.138.245/0001-90;69.562.429
jun/17;SEST;73.471.989/0001-95;38.365.845
jun/17;SENAT;73.471.963/0001-47;24.201.400
jun/17;SESCOOP;03.087.543/0001-86;27.312.313
jun/17;SDR;420013 / 00001;19.757.997
jun/17;APEX-BR;05.507.500/0001-38;36.932.210
jun/17;ABDI;07.200.966/0001-11;6.029.862
jul/17;FNDE;153173 / 15253;1.545.570.493
jul/17;INCRA;373001 / 37201;110.133.733
jul/17;SENAI;33.564.543/0001-90;113.041.104
jul/17;SESI;33.641.358/0001-52;161.742.520
jul/17;SENAC;33.469.172/0001-68;210.357.945
jul/17;SESC;33.469.164/0001-11;381.612.994
jul/17;SEBRAE;00.330.854/0001-45;250.294.029
jul/17;EMBRATUR;35.842.428/0001-66;0
jul/17;DPC;852001 / 00001;12.223.731
jul/17;ANAC;122002 / 00001;18.195.489
jul/17;SENAR;37.138.245/0001-90;79.876.372
jul/17;SEST;73.471.989/0001-95;39.031.391
jul/17;SENAT;73.471.963/0001-47;24.552.802
jul/17;SESCOOP;03.087.543/0001-86;27.176.756
jul/17;SDR;420013 / 00001;19.424.430
jul/17;APEX-BR;05.507.500/0001-38;36.482.985
jul/17;ABDI;07.200.966/0001-11;5.956.499
ago/17;FNDE;153173 / 15253;1.556.726.519
ago/17;INCRA;373001 / 37201;111.266.218
ago/17;SENAI;33.564.543/0001-90;113.931.222
ago/17;SESI;33.641.358/0001-52;162.890.307
ago/17;SENAC;33.469.172/0001-68;211.928.562
ago/17;SESC;33.469.164/0001-11;384.238.969
ago/17;SEBRAE;00.330.854/0001-45;251.941.802
ago/17;EMBRATUR;35.842.428/0001-66;0
ago/17;DPC;852001 / 00001;12.022.854
ago/17;ANAC;122002 / 00001;16.855.338
ago/17;SENAR;37.138.245/0001-90;73.862.839
ago/17;SEST;73.471.989/0001-95;39.710.791
ago/17;SENAT;73.471.963/0001-47;25.063.535
ago/17;SESCOOP;03.087.543/0001-86;27.757.278
ago/17;SDR;420013 / 00001;19.623.675
ago/17;APEX-BR;05.507.500/0001-38;36.722.466
ago/17;ABDI;07.200.966/0001-11;5.995.597
set/17;FNDE;153173 / 15253;1.581.716.024
set/17;INCRA;373001 / 37201;113.084.889
set/17;SENAI;33.564.543/0001-90;118.754.854
set/17;SESI;33.641.358/0001-52;169.680.795
set/17;SENAC;33.469.172/0001-68;214.106.173
set/17;SESC;33.469.164/0001-11;391.368.909
set/17;SEBRAE;00.330.854/0001-45;257.263.963
set/17;EMBRATUR;35.842.428/0001-66;0
set/17;DPC;852001 / 00001;12.513.184
set/17;ANAC;122002 / 00001;18.484.770
set/17;SENAR;37.138.245/0001-90;78.087.501
set/17;SEST;73.471.989/0001-95;40.989.433
set/17;SENAT;73.471.963/0001-47;25.762.395
set/17;SESCOOP;03.087.543/0001-86;27.886.944
set/17;SDR;420013 / 00001;19.944.891
set/17;APEX-BR;05.507.500/0001-38;37.498.873
set/17;ABDI;07.200.966/0001-11;6.122.411
out/17;FNDE;153173 / 15253;1.554.720.154
out/17;INCRA;373001 / 37201;111.075.380
out/17;SENAI;33.564.543/0001-90;114.132.533
out/17;SESI;33.641.358/0001-52;163.327.551
out/17;SENAC;33.469.172/0001-68;212.741.789
out/17;SESC;33.469.164/0001-11;384.870.409
out/17;SEBRAE;00.330.854/0001-45;254.897.197
out/17;EMBRATUR;35.842.428/0001-66;0
out/17;DPC;852001 / 00001;12.120.128
out/17;ANAC;122002 / 00001;18.167.462
out/17;SENAR;37.138.245/0001-90;73.113.368
out/17;SEST;73.471.989/0001-95;40.628.057
out/17;SENAT;73.471.963/0001-47;25.384.799
out/17;SESCOOP;03.087.543/0001-86;29.147.727
out/17;SDR;420013 / 00001;19.558.167
out/17;APEX-BR;05.507.500/0001-38;37.111.665
out/17;ABDI;07.200.966/0001-11;6.059.191
nov/17;FNDE;153173 / 15253;1.555.582.086
nov/17;INCRA;373001 / 37201;110.982.973
nov/17;SENAI;33.564.543/0001-90;116.102.038
nov/17;SESI;33.641.358/0001-52;166.009.800
nov/17;SENAC;33.469.172/0001-68;213.318.033
nov/17;SESC;33.469.164/0001-11;386.206.656
nov/17;SEBRAE;00.330.854/0001-45;257.104.763
nov/17;EMBRATUR;35.842.428/0001-66;0
nov/17;DPC;852001 / 00001;12.216.007
nov/17;ANAC;122002 / 00001;17.597.668
nov/17;SENAR;37.138.245/0001-90;83.260.366
nov/17;SEST;73.471.989/0001-95;41.195.035
nov/17;SENAT;73.471.963/0001-47;25.890.831
nov/17;SESCOOP;03.087.543/0001-86;28.597.078
nov/17;SDR;420013 / 00001;19.574.705
nov/17;APEX-BR;05.507.500/0001-38;37.476.624
nov/17;ABDI;07.200.966/0001-11;6.118.789
dez/17;FNDE;153173 / 15253;1.561.171.549
dez/17;INCRA;373001 / 37201;111.557.311
dez/17;SENAI;33.564.543/0001-90;121.475.712
dez/17;SESI;33.641.358/0001-52;171.991.610
dez/17;SENAC;33.469.172/0001-68;261.103.472
dez/17;SESC;33.469.164/0001-11;396.213.121
dez/17;SEBRAE;00.330.854/0001-45;330.175.604
dez/17;EMBRATUR;35.842.428/0001-66;0
dez/17;DPC;852001 / 00001;11.929.161
dez/17;ANAC;122002 / 00001;17.342.889
dez/17;SENAR;37.138.245/0001-90;70.053.416
dez/17;SEST;73.471.989/0001-95;47.960.907
dez/17;SENAT;73.471.963/0001-47;28.600.326
dez/17;SESCOOP;03.087.543/0001-86;29.276.590
dez/17;SDR;420013 / 00001;19.679.717
dez/17;APEX-BR;05.507.500/0001-38;48.136.455
dez/17;ABDI;07.200.966/0001-11;7.859.179
jan/18;FNDE;153173 / 15253;2.800.035.912
jan/18;INCRA;373001 / 37201;199.828.235
jan/18;SENAI;33.564.543/0001-90;216.977.540
jan/18;SESI;33.641.358/0001-52;296.152.526
jan/18;SENAC;33.469.172/0001-68;429.595.056
jan/18;SESC;33.469.164/0001-11;709.549.806
jan/18;SEBRAE;00.330.854/0001-45;539.119.770
jan/18;EMBRATUR;35.842.428/0001-66;0
jan/18;DPC;852001 / 00001;21.184.040
jan/18;ANAC;122002 / 00001;32.872.240
jan/18;SENAR;37.138.245/0001-90;97.632.611
jan/18;SEST;73.471.989/0001-95;73.525.540
jan/18;SENAT;73.471.963/0001-47;45.908.464
jan/18;SESCOOP;03.087.543/0001-86;53.955.735
jan/18;SDR;420013 / 00001;35.252.199
jan/18;APEX-BR;05.507.500/0001-38;78.598.037
jan/18;ABDI;07.200.966/0001-11;12.832.515
fev/18;FNDE;153173 / 15253;1.610.944.379
fev/18;INCRA;373001 / 37201;115.044.658
fev/18;SENAI;33.564.543/0001-90;119.453.424
fev/18;SESI;33.641.358/0001-52;170.322.505
fev/18;SENAC;33.469.172/0001-68;222.164.680
fev/18;SESC;33.469.164/0001-11;404.395.986
fev/18;SEBRAE;00.330.854/0001-45;265.515.838
fev/18;EMBRATUR;35.842.428/0001-66;0
fev/18;DPC;852001 / 00001;12.579.069
fev/18;ANAC;122002 / 00001;18.844.656
fev/18;SENAR;37.138.245/0001-90;64.259.876
fev/18;SEST;73.471.989/0001-95;42.011.196
fev/18;SENAT;73.471.963/0001-47;26.280.417
fev/18;SESCOOP;03.087.543/0001-86;29.994.816
fev/18;SDR;420013 / 00001;20.290.775
fev/18;APEX-BR;05.507.500/0001-38;38.704.302
fev/18;ABDI;07.200.966/0001-11;6.319.228
mar/18;FNDE;153173 / 15253;1.594.471.435
mar/18;INCRA;373001 / 37201;114.998.630
mar/18;SENAI;33.564.543/0001-90;112.513.853
mar/18;SESI;33.641.358/0001-52;161.249.138
mar/18;SENAC;33.469.172/0001-68;218.614.123
mar/18;SESC;33.469.164/0001-11;394.816.301
mar/18;SEBRAE;00.330.854/0001-45;258.138.998
mar/18;EMBRATUR;35.842.428/0001-66;0
mar/18;DPC;852001 / 00001;12.364.890
mar/18;ANAC;122002 / 00001;18.618.334
mar/18;SENAR;37.138.245/0001-90;61.865.847
mar/18;SEST;73.471.989/0001-95;38.083.519
mar/18;SENAT;73.471.963/0001-47;24.001.336
mar/18;SESCOOP;03.087.543/0001-86;29.230.081
mar/18;SDR;420013 / 00001;20.280.541
mar/18;APEX-BR;05.507.500/0001-38;37.623.756
mar/18;ABDI;07.200.966/0001-11;6.142.802
abr/18;FNDE;153173 / 15253;1.572.660.874
abr/18;INCRA;373001 / 37201;113.071.451
abr/18;SENAI;33.564.543/0001-90;111.255.656
abr/18;SESI;33.641.358/0001-52;159.389.391
abr/18;SENAC;33.469.172/0001-68;216.333.416
abr/18;SESC;33.469.164/0001-11;388.746.629
abr/18;SEBRAE;00.330.854/0001-45;252.299.672
abr/18;EMBRATUR;35.842.428/0001-66;0
abr/18;DPC;852001 / 00001;12.124.921
abr/18;ANAC;122002 / 00001;18.083.260
abr/18;SENAR;37.138.245/0001-90;88.705.529
abr/18;SEST;73.471.989/0001-95;38.260.990
abr/18;SENAT;73.471.963/0001-47;24.135.166
abr/18;SESCOOP;03.087.543/0001-86;29.009.799
abr/18;SDR;420013 / 00001;19.976.895
abr/18;APEX-BR;05.507.500/0001-38;36.820.058
abr/18;ABDI;07.200.966/0001-11;6.011.587
mai/18;FNDE;153173 / 15253;1.588.651.270
mai/18;INCRA;373001 / 37201;114.555.379
mai/18;SENAI;33.564.543/0001-90;113.390.499
mai/18;SESI;33.641.358/0001-52;162.016.553
mai/18;SENAC;33.469.172/0001-68;217.807.585
mai/18;SESC;33.469.164/0001-11;395.044.469
mai/18;SEBRAE;00.330.854/0001-45;192.086.606
mai/18;EMBRATUR;35.842.428/0001-66;0
mai/18;DPC;852001 / 00001;12.068.490
mai/18;ANAC;122002 / 00001;17.670.872
mai/18;SENAR;37.138.245/0001-90;112.027.735
mai/18;SEST;73.471.989/0001-95;41.378.036
mai/18;SENAT;73.471.963/0001-47;25.856.252
mai/18;SESCOOP;03.087.543/0001-86;29.460.052
mai/18;SDR;420013 / 00001;20.202.072
mai/18;APEX-BR;05.507.500/0001-38;37.556.392
mai/18;ABDI;07.200.966/0001-11;71.724.479
jun/18;FNDE;153173 / 15253;1.582.747.831
jun/18;INCRA;373001 / 37201;113.599.653
jun/18;SENAI;33.564.543/0001-90;113.889.725
jun/18;SESI;33.641.358/0001-52;162.946.304
jun/18;SENAC;33.469.172/0001-68;218.610.995
jun/18;SESC;33.469.164/0001-11;394.893.071
jun/18;SEBRAE;00.330.854/0001-45;257.289.254
jun/18;EMBRATUR;35.842.428/0001-66;0
jun/18;DPC;852001 / 00001;12.537.154
jun/18;ANAC;122002 / 00001;17.979.480
jun/18;SENAR;37.138.245/0001-90;115.492.472
jun/18;SEST;73.471.989/0001-95;41.122.055
jun/18;SENAT;73.471.963/0001-47;25.780.137
jun/18;SESCOOP;03.087.543/0001-86;29.782.485
jun/18;SDR;420013 / 00001;20.035.640
jun/18;APEX-BR;05.507.500/0001-38;37.502.441
jun/18;ABDI;07.200.966/0001-11;6.122.995
jul/18;FNDE;153173 / 15253;1.577.909.338
jul/18;INCRA;373001 / 37201;113.418.200
jul/18;SENAI;33.564.543/0001-90;112.800.343
jul/18;SESI;33.641.358/0001-52;161.160.829
jul/18;SENAC;33.469.172/0001-68;217.617.488
jul/18;SESC;33.469.164/0001-11;392.182.422
jul/18;SEBRAE;00.330.854/0001-45;255.914.320
jul/18;EMBRATUR;35.842.428/0001-66;0
jul/18;DPC;852001 / 00001;12.959.143
jul/18;ANAC;122002 / 00001;18.697.275
jul/18;SENAR;37.138.245/0001-90;91.957.665
jul/18;SEST;73.471.989/0001-95;40.396.158
jul/18;SENAT;73.471.963/0001-47;25.462.767
jul/18;SESCOOP;03.087.543/0001-86;29.004.815
jul/18;SDR;420013 / 00001;20.002.439
jul/18;APEX-BR;05.507.500/0001-38;37.300.403
jul/18;ABDI;07.200.966/0001-11;6.090.012
ago/18;FNDE;153173 / 15253;1.573.545.353
ago/18;INCRA;373001 / 37201;113.573.852
ago/18;SENAI;33.564.543/0001-90;112.330.415
ago/18;SESI;33.641.358/0001-52;160.695.243
ago/18;SENAC;33.469.172/0001-68;217.215.045
ago/18;SESC;33.469.164/0001-11;394.220.279
ago/18;SEBRAE;00.330.854/0001-45;255.453.189
ago/18;EMBRATUR;35.842.428/0001-66;0
ago/18;DPC;852001 / 00001;11.650.102
ago/18;ANAC;122002 / 00001;18.184.212
ago/18;SENAR;37.138.245/0001-90;98.685.008
ago/18;SEST;73.471.989/0001-95;43.139.692
ago/18;SENAT;73.471.963/0001-47;26.700.056
ago/18;SESCOOP;03.087.543/0001-86;29.487.425
ago/18;SDR;420013 / 00001;19.987.074
ago/18;APEX-BR;05.507.500/0001-38;37.177.003
ago/18;ABDI;07.200.966/0001-11;6.069.871
set/18;FNDE;153173 / 15253;1.639.366.442
set/18;INCRA;373001 / 37201;117.931.478
set/18;SENAI;33.564.543/0001-90;117.879.275
set/18;SESI;33.641.358/0001-52;168.810.282
set/18;SENAC;33.469.172/0001-68;226.389.735
set/18;SESC;33.469.164/0001-11;409.696.076
set/18;SEBRAE;00.330.854/0001-45;266.496.070
set/18;EMBRATUR;35.842.428/0001-66;0
set/18;DPC;852001 / 00001;11.542.392
set/18;ANAC;122002 / 00001;18.071.258
set/18;SENAR;37.138.245/0001-90;95.968.747
set/18;SEST;73.471.989/0001-95;45.340.891
set/18;SENAT;73.471.963/0001-47;28.306.396
set/18;SESCOOP;03.087.543/0001-86;28.906.897
set/18;SDR;420013 / 00001;20.800.004
set/18;APEX-BR;05.507.500/0001-38;38.844.861
set/18;ABDI;07.200.966/0001-11;6.342.163
out/18;FNDE;153173 / 15253;1.525.126.063
out/18;INCRA;373001 / 37201;120.979.982
out/18;SENAI;33.564.543/0001-90;110.164.666
out/18;SESI;33.641.358/0001-52;157.423.045
out/18;SENAC;33.469.172/0001-68;208.683.788
out/18;SESC;33.469.164/0001-11;379.119.439
out/18;SEBRAE;00.330.854/0001-45;242.977.767
out/18;EMBRATUR;35.842.428/0001-66;0
out/18;DPC;852001 / 00001;11.215.874
out/18;ANAC;122002 / 00001;17.001.170
out/18;SENAR;37.138.245/0001-90;92.001.809
out/18;SEST;73.471.989/0001-95;41.819.755
out/18;SENAT;73.471.963/0001-47;26.614.369
out/18;SESCOOP;03.087.543/0001-86;27.574.842
out/18;SDR;420013 / 00001;9.081.115
out/18;APEX-BR;05.507.500/0001-38;35.413.459
out/18;ABDI;07.200.966/0001-11;5.781.949
nov/18;FNDE;153173 / 15253;1.593.844.416
nov/18;INCRA;373001 / 37201;126.527.407
nov/18;SENAI;33.564.543/0001-90;113.291.706
nov/18;SESI;33.641.358/0001-52;162.249.001
nov/18;SENAC;33.469.172/0001-68;217.599.574
nov/18;SESC;33.469.164/0001-11;392.726.425
nov/18;SEBRAE;00.330.854/0001-45;254.794.720
nov/18;EMBRATUR;35.842.428/0001-66;0
nov/18;DPC;852001 / 00001;11.546.004
nov/18;ANAC;122002 / 00001;16.718.708
nov/18;SENAR;37.138.245/0001-90;90.445.671
nov/18;SEST;73.471.989/0001-95;42.971.178
nov/18;SENAT;73.471.963/0001-47;27.456.501
nov/18;SESCOOP;03.087.543/0001-86;28.005.756
nov/18;SDR;420013 / 00001;8.911.100
nov/18;APEX-BR;05.507.500/0001-38;37.131.169
nov/18;ABDI;07.200.966/0001-11;6.062.402
dez/18;FNDE;153173 / 15253;1.626.809.010
dez/18;INCRA;373001 / 37201;129.563.614
dez/18;SENAI;33.564.543/0001-90;112.676.412
dez/18;SESI;33.641.358/0001-52;161.874.475
dez/18;SENAC;33.469.172/0001-68;223.465.587
dez/18;SESC;33.469.164/0001-11;402.744.493
dez/18;SEBRAE;00.330.854/0001-45;263.034.038
dez/18;EMBRATUR;35.842.428/0001-66;0
dez/18;DPC;852001 / 00001;12.011.156
dez/18;ANAC;122002 / 00001;17.355.673
dez/18;SENAR;37.138.245/0001-90;88.365.344
dez/18;SEST;73.471.989/0001-95;43.910.308
dez/18;SENAT;73.471.963/0001-47;28.203.114
dez/18;SESCOOP;03.087.543/0001-86;27.972.870
dez/18;SDR;420013 / 00001;8.847.343
dez/18;APEX-BR;05.507.500/0001-38;38.338.468
dez/18;ABDI;07.200.966/0001-11;6.259.504
jan/19;FNDE;153173 / 15253;2.813.094.868
jan/19;INCRA;373001 / 37201;222.965.066
jan/19;SENAI;33.564.543/0001-90;190.839.310
jan/19;SESI;33.641.358/0001-52;270.637.167
jan/19;SENAC;33.469.172/0001-68;388.624.046
jan/19;SESC;33.469.164/0001-11;702.782.190
jan/19;SEBRAE;00.330.854/0001-45;451.650.966
jan/19;EMBRATUR;35.842.428/0001-66;0
jan/19;DPC;852001 / 00001;20.017.503
jan/19;ANAC;122002 / 00001;29.322.223
jan/19;SENAR;37.138.245/0001-90;83.329.998
jan/19;SEST;73.471.989/0001-95;66.534.729
jan/19;SENAT;73.471.963/0001-47;43.301.954
jan/19;SESCOOP;03.087.543/0001-86;53.153.993
jan/19;SDR;420013 / 00001;14.796.282
jan/19;APEX-BR;05.507.500/0001-38;65.843.104
jan/19;ABDI;07.200.966/0001-11;10.750.113
fev/19;FNDE;153173 / 15253;1.731.450.323
fev/19;INCRA;373001 / 37201;138.185.352
fev/19;SENAI;33.564.543/0001-90;122.123.728
fev/19;SESI;33.641.358/0001-52;174.742.432
fev/19;SENAC;33.469.172/0001-68;238.281.984
fev/19;SESC;33.469.164/0001-11;430.401.793
fev/19;SEBRAE;00.330.854/0001-45;280.030.953
fev/19;EMBRATUR;35.842.428/0001-66;0
fev/19;DPC;852001 / 00001;13.217.532
fev/19;ANAC;122002 / 00001;21.123.059
fev/19;SENAR;37.138.245/0001-90;98.999.202
fev/19;SEST;73.471.989/0001-95;42.958.182
fev/19;SENAT;73.471.963/0001-47;27.501.632
fev/19;SESCOOP;03.087.543/0001-86;29.830.734
fev/19;SDR;420013 / 00001;9.148.009
fev/19;APEX-BR;05.507.500/0001-38;40.812.084
fev/19;ABDI;07.200.966/0001-11;6.663.400
mar/19;FNDE;153173 / 15253;1.678.669.736
mar/19;INCRA;373001 / 37201;122.922.080
mar/19;SENAI;33.564.543/0001-90;113.541.855
mar/19;SESI;33.641.358/0001-52;163.568.403
mar/19;SENAC;33.469.172/0001-68;230.598.256
mar/19;SESC;33.469.164/0001-11;415.232.536
mar/19;SEBRAE;00.330.854/0001-45;266.876.164
mar/19;EMBRATUR;35.842.428/0001-66;0
mar/19;DPC;852001 / 00001;12.577.271
mar/19;ANAC;122002 / 00001;18.208.057
mar/19;SENAR;37.138.245/0001-90;79.724.140
mar/19;SEST;73.471.989/0001-95;43.541.901
mar/19;SENAT;73.471.963/0001-47;27.968.125
mar/19;SESCOOP;03.087.543/0001-86;29.824.430
mar/19;SDR;420013 / 00001;8.785.621
mar/19;APEX-BR;05.507.500/0001-38;38.895.728
mar/19;ABDI;07.200.966/0001-11;6.350.545
abr/19;FNDE;153173 / 15253;1.644.460.287
abr/19;INCRA;373001 / 37201;130.811.739
abr/19;SENAI;33.564.543/0001-90;110.740.681
abr/19;SESI;33.641.358/0001-52;159.445.760
abr/19;SENAC;33.469.172/0001-68;228.855.859
abr/19;SESC;33.469.164/0001-11;409.826.861
abr/19;SEBRAE;00.330.854/0001-45;263.683.677
abr/19;EMBRATUR;35.842.428/0001-66;0
abr/19;DPC;852001 / 00001;12.061.872
abr/19;ANAC;122002 / 00001;16.553.170
abr/19;SENAR;37.138.245/0001-90;89.251.005
abr/19;SEST;73.471.989/0001-95;43.298.608
abr/19;SENAT;73.471.963/0001-47;27.700.814
abr/19;SESCOOP;03.087.543/0001-86;30.257.177
abr/19;SDR;420013 / 00001;8.610.390
abr/19;APEX-BR;05.507.500/0001-38;38.435.231
abr/19;ABDI;07.200.966/0001-11;6.275.335
mai/19;FNDE;153173 / 15253;1.676.920.697
mai/19;INCRA;373001 / 37201;137.254.514
mai/19;SENAI;33.564.543/0001-90;116.337.762
mai/19;SESI;33.641.358/0001-52;167.244.213
mai/19;SENAC;33.469.172/0001-68;232.775.933
mai/19;SESC;33.469.164/0001-11;418.109.006
mai/19;SEBRAE;00.330.854/0001-45;271.697.802
mai/19;EMBRATUR;35.842.428/0001-66;0
mai/19;DPC;852001 / 00001;11.216.180
mai/19;ANAC;122002 / 00001;17.340.219
mai/19;SENAR;37.138.245/0001-90;110.883.914
mai/19;SEST;73.471.989/0001-95;45.140.122
mai/19;SENAT;73.471.963/0001-47;28.931.626
mai/19;SESCOOP;03.087.543/0001-86;30.042.873
mai/19;SDR;420013 / 00001;8.952.252
mai/19;APEX-BR;05.507.500/0001-38;39.600.222
mai/19;ABDI;07.200.966/0001-11;6.465.545
jun/19;FNDE;153173 / 15253;1.658.497.835
jun/19;INCRA;373001 / 37201;135.846.293
jun/19;SENAI;33.564.543/0001-90;114.147.759
jun/19;SESI;33.641.358/0001-52;163.937.551
jun/19;SENAC;33.469.172/0001-68;230.063.322
jun/19;SESC;33.469.164/0001-11;416.494.689
jun/19;SEBRAE;00.330.854/0001-45;268.535.354
jun/19;EMBRATUR;35.842.428/0001-66;0
jun/19;DPC;852001 / 00001;11.845.122
jun/19;ANAC;122002 / 00001;17.654.969
jun/19;SENAR;37.138.245/0001-90;104.389.316
jun/19;SEST;73.471.989/0001-95;43.065.968
jun/19;SENAT;73.471.963/0001-47;28.304.440
jun/19;SESCOOP;03.087.543/0001-86;30.845.266
jun/19;SDR;420013 / 00001;5.207.701
jun/19;APEX-BR;05.507.500/0001-38;39.140.198
jun/19;ABDI;07.200.966/0001-11;6.390.502
jul/19;FNDE;153173 / 15253;1.643.105.488
jul/19;INCRA;373001 / 37201;136.626.256
jul/19;SENAI;33.564.543/0001-90;111.876.166
jul/19;SESI;33.641.358/0001-52;160.090.702
jul/19;SENAC;33.469.172/0001-68;227.989.585
jul/19;SESC;33.469.164/0001-11;410.534.953
jul/19;SEBRAE;00.330.854/0001-45;264.786.608
jul/19;EMBRATUR;35.842.428/0001-66;0
jul/19;DPC;852001 / 00001;12.161.877
jul/19;ANAC;122002 / 00001;17.266.590
jul/19;SENAR;37.138.245/0001-90;107.552.954
jul/19;SEST;73.471.989/0001-95;43.053.899
jul/19;SENAT;73.471.963/0001-47;28.454.799
jul/19;SESCOOP;03.087.543/0001-86;30.408.187
jul/19;SDR;420013 / 00001;4.792.303
jul/19;APEX-BR;05.507.500/0001-38;38.592.816
jul/19;ABDI;07.200.966/0001-11;6.301.149
ago/19;FNDE;153173 / 15253;1.663.569.656
ago/19;INCRA;373001 / 37201;135.621.503
ago/19;SENAI;33.564.543/0001-90;114.706.402
ago/19;SESI;33.641.358/0001-52;165.019.498
ago/19;SENAC;33.469.172/0001-68;233.469.667
ago/19;SESC;33.469.164/0001-11;420.951.201
ago/19;SEBRAE;00.330.854/0001-45;268.748.032
ago/19;EMBRATUR;35.842.428/0001-66;0
ago/19;DPC;852001 / 00001;12.107.381
ago/19;ANAC;122002 / 00001;17.410.084
ago/19;SENAR;37.138.245/0001-90;92.271.813
ago/19;SEST;73.471.989/0001-95;43.684.820
ago/19;SENAT;73.471.963/0001-47;29.010.673
ago/19;SESCOOP;03.087.543/0001-86;30.842.161
ago/19;SDR;420013 / 00001;4.779.241
ago/19;APEX-BR;05.507.500/0001-38;39.169.801
ago/19;ABDI;07.200.966/0001-11;6.395.372
set/19;FNDE;153173 / 15253;1.712.131.030
set/19;INCRA;373001 / 37201;141.151.964
set/19;SENAI;33.564.543/0001-90;118.212.686
set/19;SESI;33.641.358/0001-52;169.950.572
set/19;SENAC;33.469.172/0001-68;239.504.611
set/19;SESC;33.469.164/0001-11;431.250.779
set/19;SEBRAE;00.330.854/0001-45;277.087.101
set/19;EMBRATUR;35.842.428/0001-66;0
set/19;DPC;852001 / 00001;12.339.005
set/19;ANAC;122002 / 00001;18.841.848
set/19;SENAR;37.138.245/0001-90;102.265.544
set/19;SEST;73.471.989/0001-95;46.071.467
set/19;SENAT;73.471.963/0001-47;30.490.447
set/19;SESCOOP;03.087.543/0001-86;31.767.630
set/19;SDR;420013 / 00001;4.728.646
set/19;APEX-BR;05.507.500/0001-38;40.381.473
set/19;ABDI;07.200.966/0001-11;6.593.192
out/19;FNDE;153173 / 15253;1.681.823.232
out/19;INCRA;373001 / 37201;141.926.619
out/19;SENAI;33.564.543/0001-90;116.884.053
out/19;SESI;33.641.358/0001-52;168.820.716
out/19;SENAC;33.469.172/0001-68;237.394.222
out/19;SESC;33.469.164/0001-11;420.043.942
out/19;SEBRAE;00.330.854/0001-45;271.561.121
out/19;EMBRATUR;35.842.428/0001-66;0
out/19;DPC;852001 / 00001;10.796.370
out/19;ANAC;122002 / 00001;17.573.159
out/19;SENAR;37.138.245/0001-90;109.305.496
out/19;SEST;73.471.989/0001-95;44.851.315
out/19;SENAT;73.471.963/0001-47;29.678.673
out/19;SESCOOP;03.087.543/0001-86;32.684.360
out/19;SDR;420013 / 00001;4.582.337
out/19;APEX-BR;05.507.500/0001-38;39.580.998
out/19;ABDI;07.200.966/0001-11;6.462.513
nov/19;FNDE;153173 / 15253;1.702.648.246
nov/19;INCRA;373001 / 37201;137.795.137
nov/19;SENAI;33.564.543/0001-90;117.218.043
nov/19;SESI;33.641.358/0001-52;168.950.543
nov/19;SENAC;33.469.172/0001-68;241.992.155
nov/19;SESC;33.469.164/0001-11;434.810.916
nov/19;SEBRAE;00.330.854/0001-45;277.022.453
nov/19;EMBRATUR;35.842.428/0001-66;0
nov/19;DPC;852001 / 00001;11.058.857
nov/19;ANAC;122002 / 00001;17.415.118
nov/19;SENAR;37.138.245/0001-90;95.372.385
nov/19;SEST;73.471.989/0001-95;45.932.812
nov/19;SENAT;73.471.963/0001-47;30.324.457
nov/19;SESCOOP;03.087.543/0001-86;33.052.044
nov/19;SDR;420013 / 00001;4.686.957
nov/19;APEX-BR;05.507.500/0001-38;40.378.043
nov/19;ABDI;07.200.966/0001-11;6.592.653
dez/19;FNDE;153173 / 15253;1.691.928.811
dez/19;INCRA;373001 / 37201;141.785.505
dez/19;SENAI;33.564.543/0001-90;115.047.003
dez/19;SESI;33.641.358/0001-52;165.807.948
dez/19;SENAC;33.469.172/0001-68;238.512.035
dez/19;SESC;33.469.164/0001-11;426.538.658
dez/19;SEBRAE;00.330.854/0001-45;275.259.457
dez/19;EMBRATUR;35.842.428/0001-66;0
dez/19;DPC;852001 / 00001;11.039.407
dez/19;ANAC;122002 / 00001;17.221.585
dez/19;SENAR;37.138.245/0001-90;102.125.180
dez/19;SEST;73.471.989/0001-95;48.049.307
dez/19;SENAT;73.471.963/0001-47;31.826.156
dez/19;SESCOOP;03.087.543/0001-86;31.579.548
dez/19;SDR;420013 / 00001;4.579.934
dez/19;APEX-BR;05.507.500/0001-38;40.119.784
dez/19;ABDI;07.200.966/0001-11;6.550.479
jan/20;FNDE;153173 / 15253;3.023.694.517
jan/20;INCRA;373001 / 37201;252.964.059
jan/20;SENAI;33.564.543/0001-90;199.324.355
jan/20;SESI;33.641.358/0001-52;286.979.350
jan/20;SENAC;33.469.172/0001-68;424.055.478
jan/20;SESC;33.469.164/0001-11;758.236.867
jan/20;SEBRAE;00.330.854/0001-45;401.047.445
jan/20;EMBRATUR;35.842.428/0001-66;90.202.735
jan/20;DPC;852001 / 00001;20.407.250
jan/20;ANAC;122002 / 00001;28.976.600
jan/20;SENAR;37.138.245/0001-90;96.737.394
jan/20;SEST;73.471.989/0001-95;76.278.017
jan/20;SENAT;73.471.963/0001-47;50.687.228
jan/20;SESCOOP;03.087.543/0001-86;61.776.640
jan/20;SDR;420013 / 00001;7.699.417
jan/20;APEX-BR;05.507.500/0001-38;71.611.572
jan/20;ABDI;07.200.966/0001-11;11.692.049
fev/20;FNDE;153173 / 15253;1.745.524.551
fev/20;INCRA;373001 / 37201;145.635.992
fev/20;SENAI;33.564.543/0001-90;121.010.007
fev/20;SESI;33.641.358/0001-52;176.265.309
fev/20;SENAC;33.469.172/0001-68;250.715.187
fev/20;SESC;33.469.164/0001-11;447.209.675
fev/20;SEBRAE;00.330.854/0001-45;232.467.772
fev/20;EMBRATUR;35.842.428/0001-66;52.274.883
fev/20;DPC;852001 / 00001;13.191.621
fev/20;ANAC;122002 / 00001;19.687.965
fev/20;SENAR;37.138.245/0001-90;73.532.596
fev/20;SEST;73.471.989/0001-95;44.262.378
fev/20;SENAT;73.471.963/0001-47;29.408.658
fev/20;SESCOOP;03.087.543/0001-86;34.312.782
fev/20;SDR;420013 / 00001;4.640.735
fev/20;APEX-BR;05.507.500/0001-38;41.500.854
fev/20;ABDI;07.200.966/0001-11;6.776.154
mar/20;FNDE;153173 / 15253;1.703.528.433
mar/20;INCRA;373001 / 37201;138.814.641
mar/20;SENAI;33.564.543/0001-90;114.761.918
mar/20;SESI;33.641.358/0001-52;165.285.969
mar/20;SENAC;33.469.172/0001-68;244.712.777
mar/20;SESC;33.469.164/0001-11;437.897.648
mar/20;SEBRAE;00.330.854/0001-45;225.600.700
mar/20;EMBRATUR;35.842.428/0001-66;50.715.821
mar/20;DPC;852001 / 00001;12.459.389
mar/20;ANAC;122002 / 00001;18.245.350
mar/20;SENAR;37.138.245/0001-90;82.721.451
mar/20;SEST;73.471.989/0001-95;43.765.180
mar/20;SENAT;73.471.963/0001-47;29.219.017
mar/20;SESCOOP;03.087.543/0001-86;30.165.843
mar/20;SDR;420013 / 00001;4.697.052
mar/20;APEX-BR;05.507.500/0001-38;40.263.118
mar/20;ABDI;07.200.966/0001-11;6.574.043
abr/20;FNDE;153173 / 15253;1.680.177.717
abr/20;INCRA;373001 / 37201;136.132.168
abr/20;SENAI;33.564.543/0001-90;109.372.848
abr/20;SESI;33.641.358/0001-52;157.892.286
abr/20;SENAC;33.469.172/0001-68;235.130.011
abr/20;SESC;33.469.164/0001-11;417.369.110
abr/20;SEBRAE;00.330.854/0001-45;220.324.924
abr/20;EMBRATUR;35.842.428/0001-66;49.549.991
abr/20;DPC;852001 / 00001;11.631.440
abr/20;ANAC;122002 / 00001;16.443.003
abr/20;SENAR;37.138.245/0001-90;121.730.266
abr/20;SEST;73.471.989/0001-95;38.650.131
abr/20;SENAT;73.471.963/0001-47;25.615.094
abr/20;SESCOOP;03.087.543/0001-86;36.275.829
abr/20;SDR;420013 / 00001;4.233.903
abr/20;APEX-BR;05.507.500/0001-38;39.337.569
abr/20;ABDI;07.200.966/0001-11;6.422.925
mai/20;FNDE;153173 / 15253;1.554.978.857
mai/20;INCRA;373001 / 37201;125.075.201
mai/20;SENAI;33.564.543/0001-90;103.027.330
mai/20;SESI;33.641.358/0001-52;148.787.940
mai/20;SENAC;33.469.172/0001-68;220.551.100
mai/20;SESC;33.469.164/0001-11;393.541.561
mai/20;SEBRAE;00.330.854/0001-45;204.245.924
mai/20;EMBRATUR;35.842.428/0001-66;45.933.122
mai/20;DPC;852001 / 00001;10.458.995
mai/20;ANAC;122002 / 00001;12.403.347
mai/20;SENAR;37.138.245/0001-90;138.083.586
mai/20;SEST;73.471.989/0001-95;31.398.276
mai/20;SENAT;73.471.963/0001-47;20.690.735
mai/20;SESCOOP;03.087.543/0001-86;36.334.600
mai/20;SDR;420013 / 00001;4.085.446
mai/20;APEX-BR;05.507.500/0001-38;36.466.148
mai/20;ABDI;07.200.966/0001-11;5.954.097
jun/20;FNDE;153173 / 15253;1.645.756.842
jun/20;INCRA;373001 / 37201;133.489.518
jun/20;SENAI;33.564.543/0001-90;60.659.537
jun/20;SESI;33.641.358/0001-52;87.753.844
jun/20;SENAC;33.469.172/0001-68;113.233.309
jun/20;SESC;33.469.164/0001-11;201.113.889
jun/20;SEBRAE;00.330.854/0001-45;216.154.310
jun/20;EMBRATUR;35.842.428/0001-66;48.627.667
jun/20;DPC;852001 / 00001;11.982.243
jun/20;ANAC;122002 / 00001;10.163.877
jun/20;SENAR;37.138.245/0001-90;85.032.061
jun/20;SEST;73.471.989/0001-95;19.816.795
jun/20;SENAT;73.471.963/0001-47;12.978.202
jun/20;SESCOOP;03.087.543/0001-86;14.060.695
jun/20;SDR;420013 / 00001;4.597.638
jun/20;APEX-BR;05.507.500/0001-38;38.764.286
jun/20;ABDI;07.200.966/0001-11;6.329.292
jul/20;FNDE;153173 / 15253;1.519.440.767
jul/20;INCRA;373001 / 37201;126.059.067
jul/20;SENAI;33.564.543/0001-90;52.013.676
jul/20;SESI;33.641.358/0001-52;75.455.895
jul/20;SENAC;33.469.172/0001-68;104.258.266
jul/20;SESC;33.469.164/0001-11;185.904.175
jul/20;SEBRAE;00.330.854/0001-45;244.243.784
jul/20;EMBRATUR;35.842.428/0001-66;0
jul/20;DPC;852001 / 00001;10.424.135
jul/20;ANAC;122002 / 00001;1.252.387
jul/20;SENAR;37.138.245/0001-90;52.255.067
jul/20;SEST;73.471.989/0001-95;19.995.060
jul/20;SENAT;73.471.963/0001-47;12.856.452
jul/20;SESCOOP;03.087.543/0001-86;16.213.676
jul/20;SDR;420013 / 00001;4.328.392
jul/20;APEX-BR;05.507.500/0001-38;35.751.408
jul/20;ABDI;07.200.966/0001-11;5.837.272
ago/20;FNDE;153173 / 15253;1.590.847.777
ago/20;INCRA;373001 / 37201;131.771.488
ago/20;SENAI;33.564.543/0001-90;55.999.387
ago/20;SESI;33.641.358/0001-52;80.825.812
ago/20;SENAC;33.469.172/0001-68;108.369.622
ago/20;SESC;33.469.164/0001-11;194.027.657
ago/20;SEBRAE;00.330.854/0001-45;252.108.674
ago/20;EMBRATUR;35.842.428/0001-66;0
ago/20;DPC;852001 / 00001;12.152.194
ago/20;ANAC;122002 / 00001;10.249.103
ago/20;SENAR;37.138.245/0001-90;60.278.875
ago/20;SEST;73.471.989/0001-95;19.679.835
ago/20;SENAT;73.471.963/0001-47;12.973.170
ago/20;SESCOOP;03.087.543/0001-86;17.974.497
ago/20;SDR;420013 / 00001;4.677.131
ago/20;APEX-BR;05.507.500/0001-38;36.910.191
ago/20;ABDI;07.200.966/0001-11;6.026.492
set/20;FNDE;153173 / 15253;1.603.805.415
set/20;INCRA;373001 / 37201;131.818.167
set/20;SENAI;33.564.543/0001-90;111.092.861
set/20;SESI;33.641.358/0001-52;159.637.304
set/20;SENAC;33.469.172/0001-68;222.295.183
set/20;SESC;33.469.164/0001-11;393.620.608
set/20;SEBRAE;00.330.854/0001-45;257.257.899
set/20;EMBRATUR;35.842.428/0001-66;0
set/20;DPC;852001 / 00001;11.903.247
set/20;ANAC;122002 / 00001;12.479.761
set/20;SENAR;37.138.245/0001-90;128.218.900
set/20;SEST;73.471.989/0001-95;39.167.217
set/20;SENAT;73.471.963/0001-47;25.811.712
set/20;SESCOOP;03.087.543/0001-86;30.560.307
set/20;SDR;420013 / 00001;4.311.631
set/20;APEX-BR;05.507.500/0001-38;37.489.985
set/20;ABDI;07.200.966/0001-11;6.121.147
out/20;FNDE;153173 / 15253;1.659.526.735
out/20;INCRA;373001 / 37201;134.496.068
out/20;SENAI;33.564.543/0001-90;115.642.117
out/20;SESI;33.641.358/0001-52;166.893.312
out/20;SENAC;33.469.172/0001-68;231.082.508
out/20;SESC;33.469.164/0001-11;403.575.599
out/20;SEBRAE;00.330.854/0001-45;265.404.268
out/20;EMBRATUR;35.842.428/0001-66;0
out/20;DPC;852001 / 00001;11.088.126
out/20;ANAC;122002 / 00001;12.988.276
out/20;SENAR;37.138.245/0001-90;124.341.475
out/20;SEST;73.471.989/0001-95;42.239.892
out/20;SENAT;73.471.963/0001-47;27.536.472
out/20;SESCOOP;03.087.543/0001-86;37.035.576
out/20;SDR;420013 / 00001;4.478.781
out/20;APEX-BR;05.507.500/0001-38;38.686.737
out/20;ABDI;07.200.966/0001-11;6.316.560
nov/20;FNDE;153173 / 15253;1.721.925.081
nov/20;INCRA;373001 / 37201;141.669.478
nov/20;SENAI;33.564.543/0001-90;123.863.055
nov/20;SESI;33.641.358/0001-52;179.241.528
nov/20;SENAC;33.469.172/0001-68;238.896.192
nov/20;SESC;33.469.164/0001-11;419.968.008
nov/20;SEBRAE;00.330.854/0001-45;278.743.269
nov/20;EMBRATUR;35.842.428/0001-66;0
nov/20;DPC;852001 / 00001;12.614.690
nov/20;ANAC;122002 / 00001;13.174.363
nov/20;SENAR;37.138.245/0001-90;139.327.093
nov/20;SEST;73.471.989/0001-95;42.765.783
nov/20;SENAT;73.471.963/0001-47;27.697.647
nov/20;SESCOOP;03.087.543/0001-86;33.597.991
nov/20;SDR;420013 / 00001;4.671.316
nov/20;APEX-BR;05.507.500/0001-38;40.628.165
nov/20;ABDI;07.200.966/0001-11;6.633.525
dez/20;FNDE;153173 / 15253;1.749.265.154
dez/20;INCRA;373001 / 37201;143.790.589
dez/20;SENAI;33.564.543/0001-90;123.317.365
dez/20;SESI;33.641.358/0001-52;178.742.123
dez/20;SENAC;33.469.172/0001-68;243.539.838
dez/20;SESC;33.469.164/0001-11;429.453.962
dez/20;SEBRAE;00.330.854/0001-45;281.095.416
dez/20;EMBRATUR;35.842.428/0001-66;0
dez/20;DPC;852001 / 00001;12.792.337
dez/20;ANAC;122002 / 00001;12.047.587
dez/20;SENAR;37.138.245/0001-90;133.365.921
dez/20;SEST;73.471.989/0001-95;42.807.560
dez/20;SENAT;73.471.963/0001-47;28.379.193
dez/20;SESCOOP;03.087.543/0001-86;35.451.306
dez/20;SDR;420013 / 00001;4.638.871
dez/20;APEX-BR;05.507.500/0001-38;40.972.291
dez/20;ABDI;07.200.966/0001-11;6.689.715
jan/21;FNDE;153173 / 15253;3.074.883.303
jan/21;INCRA;373001 / 37201;253.529.826
jan/21;SENAI;33.564.543/0001-90;207.845.421
jan/21;SESI;33.641.358/0001-52;300.380.090
jan/21;SENAC;33.469.172/0001-68;426.516.302
jan/21;SESC;33.469.164/0001-11;749.145.877
jan/21;SEBRAE;00.330.854/0001-45;493.946.068
jan/21;EMBRATUR;35.842.428/0001-66;0
jan/21;DPC;852001 / 00001;21.364.259
jan/21;ANAC;122002 / 00001;53.775.634
jan/21;SENAR;37.138.245/0001-90;118.099.698
jan/21;SEST;73.471.989/0001-95;67.603.165
jan/21;SENAT;73.471.963/0001-47;44.775.118
jan/21;SESCOOP;03.087.543/0001-86;63.910.335
jan/21;SDR;420013 / 00001;7.139.976
jan/21;APEX-BR;05.507.500/0001-38;72.005.710
jan/21;ABDI;07.200.966/0001-11;11.756.430
fev/21;FNDE;153173 / 15253;1.739.188.903
fev/21;INCRA;373001 / 37201;139.214.875
fev/21;SENAI;33.564.543/0001-90;124.464.814
fev/21;SESI;33.641.358/0001-52;179.286.777
fev/21;SENAC;33.469.172/0001-68;248.186.165
fev/21;SESC;33.469.164/0001-11;435.004.045
fev/21;SEBRAE;00.330.854/0001-45;285.970.893
fev/21;EMBRATUR;35.842.428/0001-66;0
fev/21;DPC;852001 / 00001;12.086.509
fev/21;ANAC;122002 / 00001;18.457.117
fev/21;SENAR;37.138.245/0001-90;100.627.379
fev/21;SEST;73.471.989/0001-95;41.746.790
fev/21;SENAT;73.471.963/0001-47;27.526.630
fev/21;SESCOOP;03.087.543/0001-86;34.400.068
fev/21;SDR;420013 / 00001;4.613.194
fev/21;APEX-BR;05.507.500/0001-38;41.696.014
fev/21;ABDI;07.200.966/0001-11;6.807.875
mar/21;FNDE;153173 / 15253;1.813.827.563
mar/21;INCRA;373001 / 37201;149.526.328
mar/21;SENAI;33.564.543/0001-90;126.586.983
mar/21;SESI;33.641.358/0001-52;183.412.515
mar/21;SENAC;33.469.172/0001-68;251.051.804
mar/21;SESC;33.469.164/0001-11;443.788.794
mar/21;SEBRAE;00.330.854/0001-45;293.937.886
mar/21;EMBRATUR;35.842.428/0001-66;0
mar/21;DPC;852001 / 00001;12.396.293
mar/21;ANAC;122002 / 00001;13.604.110
mar/21;SENAR;37.138.245/0001-90;109.785.297
mar/21;SEST;73.471.989/0001-95;42.832.269
mar/21;SENAT;73.471.963/0001-47;28.308.878
mar/21;SESCOOP;03.087.543/0001-86;37.336.118
mar/21;SDR;420013 / 00001;4.886.935
mar/21;APEX-BR;05.507.500/0001-38;42.846.092
mar/21;ABDI;07.200.966/0001-11;6.995.650
abr/21;FNDE;153173 / 15253;1.752.203.853
abr/21;INCRA;373001 / 37201;139.722.058
abr/21;SENAI;33.564.543/0001-90;120.571.129
abr/21;SESI;33.641.358/0001-52;175.457.645
abr/21;SENAC;33.469.172/0001-68;244.397.492
abr/21;SESC;33.469.164/0001-11;431.158.238
abr/21;SEBRAE;00.330.854/0001-45;277.571.111
abr/21;EMBRATUR;35.842.428/0001-66;0
abr/21;DPC;852001 / 00001;11.188.573
abr/21;ANAC;122002 / 00001;21.992.805
abr/21;SENAR;37.138.245/0001-90;134.642.044
abr/21;SEST;73.471.989/0001-95;41.036.738
abr/21;SENAT;73.471.963/0001-47;27.079.232
abr/21;SESCOOP;03.087.543/0001-86;34.004.095
abr/21;SDR;420013 / 00001;4.809.987
abr/21;APEX-BR;05.507.500/0001-38;40.459.955
abr/21;ABDI;07.200.966/0001-11;6.606.069
mai/21;FNDE;153173 / 15253;1.818.947.539
mai/21;INCRA;373001 / 37201;148.835.177
mai/21;SENAI;33.564.543/0001-90;126.880.219
mai/21;SESI;33.641.358/0001-52;184.168.047
mai/21;SENAC;33.469.172/0001-68;245.946.030
mai/21;SESC;33.469.164/0001-11;432.247.720
mai/21;SEBRAE;00.330.854/0001-45;296.119.970
mai/21;EMBRATUR;35.842.428/0001-66;0
mai/21;DPC;852001 / 00001;12.618.018
mai/21;ANAC;122002 / 00001;14.790.325
mai/21;SENAR;37.138.245/0001-90;222.586.366
mai/21;SEST;73.471.989/0001-95;42.506.147
mai/21;SENAT;73.471.963/0001-47;28.136.178
mai/21;SESCOOP;03.087.543/0001-86;36.801.653
mai/21;SDR;420013 / 00001;4.516.546
mai/21;APEX-BR;05.507.500/0001-38;43.163.869
mai/21;ABDI;07.200.966/0001-11;7.047.519
jun/21;FNDE;153173 / 15253;1.770.746.958
jun/21;INCRA;373001 / 37201;145.059.667
jun/21;SENAI;33.564.543/0001-90;127.848.203
jun/21;SESI;33.641.358/0001-52;185.564.204
jun/21;SENAC;33.469.172/0001-68;256.429.815
jun/21;SESC;33.469.164/0001-11;450.737.622
jun/21;SEBRAE;00.330.854/0001-45;290.260.552
jun/21;EMBRATUR;35.842.428/0001-66;0
jun/21;DPC;852001 / 00001;12.246.091
jun/21;ANAC;122002 / 00001;14.662.633
jun/21;SENAR;37.138.245/0001-90;205.329.952
jun/21;SEST;73.471.989/0001-95;43.503.799
jun/21;SENAT;73.471.963/0001-47;28.726.154
jun/21;SESCOOP;03.087.543/0001-86;36.416.737
jun/21;SDR;420013 / 00001;4.708.535
jun/21;APEX-BR;05.507.500/0001-38;42.308.091
jun/21;ABDI;07.200.966/0001-11;6.907.809
jul/21;FNDE;153173 / 15253;1.804.617.066
jul/21;INCRA;373001 / 37201;146.620.762
jul/21;SENAI;33.564.543/0001-90;129.649.737
jul/21;SESI;33.641.358/0001-52;189.063.440
jul/21;SENAC;33.469.172/0001-68;255.796.564
jul/21;SESC;33.469.164/0001-11;448.687.830
jul/21;SEBRAE;00.330.854/0001-45;297.517.229
jul/21;EMBRATUR;35.842.428/0001-66;0
jul/21;DPC;852001 / 00001;12.558.204
jul/21;ANAC;122002 / 00001;15.125.941
jul/21;SENAR;37.138.245/0001-90;190.127.689
jul/21;SEST;73.471.989/0001-95;43.403.528
jul/21;SENAT;73.471.963/0001-47;28.407.389
jul/21;SESCOOP;03.087.543/0001-86;35.229.804
jul/21;SDR;420013 / 00001;4.687.010
jul/21;APEX-BR;05.507.500/0001-38;43.368.051
jul/21;ABDI;07.200.966/0001-11;7.080.872
ago/21;FNDE;153173 / 15253;1.826.968.713
ago/21;INCRA;373001 / 37201;148.385.956
ago/21;SENAI;33.564.543/0001-90;131.867.620
ago/21;SESI;33.641.358/0001-52;191.660.560
ago/21;SENAC;33.469.172/0001-68;257.398.563
ago/21;SESC;33.469.164/0001-11;451.890.748
ago/21;SEBRAE;00.330.854/0001-45;296.481.905
ago/21;EMBRATUR;35.842.428/0001-66;0
ago/21;DPC;852001 / 00001;12.619.870
ago/21;ANAC;122002 / 00001;17.118.531
ago/21;SENAR;37.138.245/0001-90;169.716.870
ago/21;SEST;73.471.989/0001-95;46.180.636
ago/21;SENAT;73.471.963/0001-47;30.436.853
ago/21;SESCOOP;03.087.543/0001-86;39.382.932
ago/21;SDR;420013 / 00001;4.665.531
ago/21;APEX-BR;05.507.500/0001-38;43.214.850
ago/21;ABDI;07.200.966/0001-11;7.055.875
set/21;FNDE;153173 / 15253;1.873.467.387
set/21;INCRA;373001 / 37201;155.209.043
set/21;SENAI;33.564.543/0001-90;140.863.746
set/21;SESI;33.641.358/0001-52;204.635.887
set/21;SENAC;33.469.172/0001-68;261.713.664
set/21;SESC;33.469.164/0001-11;461.180.642
set/21;SEBRAE;00.330.854/0001-45;302.493.013
set/21;EMBRATUR;35.842.428/0001-66;0
set/21;DPC;852001 / 00001;13.215.721
set/21;ANAC;122002 / 00001;16.880.091
set/21;SENAR;37.138.245/0001-90;178.101.705
set/21;SEST;73.471.989/0001-95;46.941.369
set/21;SENAT;73.471.963/0001-47;31.032.947
set/21;SESCOOP;03.087.543/0001-86;40.570.025
set/21;SDR;420013 / 00001;4.898.809
set/21;APEX-BR;05.507.500/0001-38;44.093.005
set/21;ABDI;07.200.966/0001-11;7.199.264
out/21;FNDE;153173 / 15253;1.885.563.831
out/21;INCRA;373001 / 37201;152.458.346
out/21;SENAI;33.564.543/0001-90;139.807.233
out/21;SESI;33.641.358/0001-52;202.922.758
out/21;SENAC;33.469.172/0001-68;262.119.540
out/21;SESC;33.469.164/0001-11;459.682.607
out/21;SEBRAE;00.330.854/0001-45;306.050.855
out/21;EMBRATUR;35.842.428/0001-66;0
out/21;DPC;852001 / 00001;11.598.443
out/21;ANAC;122002 / 00001;16.733.677
out/21;SENAR;37.138.245/0001-90;178.689.435
out/21;SEST;73.471.989/0001-95;46.732.334
out/21;SENAT;73.471.963/0001-47;30.806.362
out/21;SESCOOP;03.087.543/0001-86;40.941.353
out/21;SDR;420013 / 00001;4.898.403
out/21;APEX-BR;05.507.500/0001-38;44.611.766
out/21;ABDI;07.200.966/0001-11;7.283.951
nov/21;FNDE;153173 / 15253;1.897.700.204
nov/21;INCRA;373001 / 37201;157.983.814
nov/21;SENAI;33.564.543/0001-90;145.215.469
nov/21;SESI;33.641.358/0001-52;211.556.213
nov/21;SENAC;33.469.172/0001-68;262.042.542
nov/21;SESC;33.469.164/0001-11;463.043.022
nov/21;SEBRAE;00.330.854/0001-45;306.771.402
nov/21;EMBRATUR;35.842.428/0001-66;0
nov/21;DPC;852001 / 00001;13.314.952
nov/21;ANAC;122002 / 00001;17.937.400
nov/21;SENAR;37.138.245/0001-90;158.860.088
nov/21;SEST;73.471.989/0001-95;47.608.852
nov/21;SENAT;73.471.963/0001-47;31.276.447
nov/21;SESCOOP;03.087.543/0001-86;39.222.559
nov/21;SDR;420013 / 00001;4.926.223
nov/21;APEX-BR;05.507.500/0001-38;44.712.096
nov/21;ABDI;07.200.966/0001-11;7.300.336
dez/21;FNDE;153173 / 15253;1.932.404.402
dez/21;INCRA;373001 / 37201;159.632.218
dez/21;SENAI;33.564.543/0001-90;141.788.958
dez/21;SESI;33.641.358/0001-52;204.285.769
dez/21;SENAC;33.469.172/0001-68;272.742.327
dez/21;SESC;33.469.164/0001-11;478.486.566
dez/21;SEBRAE;00.330.854/0001-45;313.143.993
dez/21;EMBRATUR;35.842.428/0001-66;0
dez/21;DPC;852001 / 00001;14.261.220
dez/21;ANAC;122002 / 00001;25.560.455
dez/21;SENAR;37.138.245/0001-90;153.286.028
dez/21;SEST;73.471.989/0001-95;48.064.767
dez/21;SENAT;73.471.963/0001-47;31.928.275
dez/21;SESCOOP;03.087.543/0001-86;36.834.615
dez/21;SDR;420013 / 00001;1.158.714
dez/21;APEX-BR;05.507.500/0001-38;45.643.573
dez/21;ABDI;07.200.966/0001-11;7.452.480
jan/22;FNDE;153173 / 15253;3.390.322.169
jan/22;INCRA;373001 / 37201;283.713.682
jan/22;SENAI;33.564.543/0001-90;236.503.577
jan/22;SESI;33.641.358/0001-52;342.623.795
jan/22;SENAC;33.469.172/0001-68;481.459.089
jan/22;SESC;33.469.164/0001-11;848.518.670
jan/22;SEBRAE;00.330.854/0001-45;548.388.266
jan/22;EMBRATUR;35.842.428/0001-66;0
jan/22;DPC;852001 / 00001;22.548.501
jan/22;ANAC;122002 / 00001;28.035.615
jan/22;SENAR;37.138.245/0001-90;169.643.845
jan/22;SEST;73.471.989/0001-95;77.161.541
jan/22;SENAT;73.471.963/0001-47;51.363.523
jan/22;SESCOOP;03.087.543/0001-86;73.861.318
jan/22;SDR;420013 / 00001;1.167.320
jan/22;APEX-BR;05.507.500/0001-38;79.945.677
jan/22;ABDI;07.200.966/0001-11;13.052.897
fev/22;FNDE;153173 / 15253;2.096.308.062
fev/22;INCRA;373001 / 37201;177.286.278
fev/22;SENAI;33.564.543/0001-90;152.718.864
fev/22;SESI;33.641.358/0001-52;222.158.874
fev/22;SENAC;33.469.172/0001-68;293.756.880
fev/22;SESC;33.469.164/0001-11;514.732.927
fev/22;SEBRAE;00.330.854/0001-45;344.151.572
fev/22;EMBRATUR;35.842.428/0001-66;0
fev/22;DPC;852001 / 00001;13.671.543
fev/22;ANAC;122002 / 00001;24.009.472
fev/22;SENAR;37.138.245/0001-90;147.918.370
fev/22;SEST;73.471.989/0001-95;51.423.632
fev/22;SENAT;73.471.963/0001-47;33.880.844
fev/22;SESCOOP;03.087.543/0001-86;44.392.378
fev/22;SDR;420013 / 00001;575.733
fev/22;APEX-BR;05.507.500/0001-38;50.165.429
fev/22;ABDI;07.200.966/0001-11;8.190.820
mar/22;FNDE;153173 / 15253;2.048.648.304
mar/22;INCRA;373001 / 37201;172.102.220
mar/22;SENAI;33.564.543/0001-90;144.696.477
mar/22;SESI;33.641.358/0001-52;210.695.304
mar/22;SENAC;33.469.172/0001-68;294.095.614
mar/22;SESC;33.469.164/0001-11;514.778.230
mar/22;SEBRAE;00.330.854/0001-45;332.215.904
mar/22;EMBRATUR;35.842.428/0001-66;0
mar/22;DPC;852001 / 00001;13.885.578
mar/22;ANAC;122002 / 00001;19.974.688
mar/22;SENAR;37.138.245/0001-90;154.872.289
mar/22;SEST;73.471.989/0001-95;47.433.924
mar/22;SENAT;73.471.963/0001-47;31.833.459
mar/22;SESCOOP;03.087.543/0001-86;43.639.463
mar/22;SDR;420013 / 00001;532.114
mar/22;APEX-BR;05.507.500/0001-38;48.423.140
mar/22;ABDI;07.200.966/0001-11;7.906.352
abr/22;FNDE;153173 / 15253;2.062.770.813
abr/22;INCRA;373001 / 37201;175.031.587
abr/22;SENAI;33.564.543/0001-90;147.453.762
abr/22;SESI;33.641.358/0001-52;215.730.797
abr/22;SENAC;33.469.172/0001-68;294.130.282
abr/22;SESC;33.469.164/0001-11;512.451.223
abr/22;SEBRAE;00.330.854/0001-45;330.599.147
abr/22;EMBRATUR;35.842.428/0001-66;0
abr/22;DPC;852001 / 00001;13.724.021
abr/22;ANAC;122002 / 00001;19.695.375
abr/22;SENAR;37.138.245/0001-90;231.268.828
abr/22;SEST;73.471.989/0001-95;48.313.831
abr/22;SENAT;73.471.963/0001-47;32.279.342
abr/22;SESCOOP;03.087.543/0001-86;43.536.734
abr/22;SDR;420013 / 00001;647.437
abr/22;APEX-BR;05.507.500/0001-38;48.192.945
abr/22;ABDI;07.200.966/0001-11;7.868.792
mai/22;FNDE;153173 / 15253;2.060.657.136
mai/22;INCRA;373001 / 37201;171.033.897
mai/22;SENAI;33.564.543/0001-90;151.413.146
mai/22;SESI;33.641.358/0001-52;220.597.558
mai/22;SENAC;33.469.172/0001-68;294.405.960
mai/22;SESC;33.469.164/0001-11;512.120.653
mai/22;SEBRAE;00.330.854/0001-45;334.878.412
mai/22;EMBRATUR;35.842.428/0001-66;0
mai/22;DPC;852001 / 00001;14.336.221
mai/22;ANAC;122002 / 00001;22.636.551
mai/22;SENAR;37.138.245/0001-90;272.815.189
mai/22;SEST;73.471.989/0001-95;50.439.413
mai/22;SENAT;73.471.963/0001-47;33.844.544
mai/22;SESCOOP;03.087.543/0001-86;43.839.174
mai/22;SDR;420013 / 00001;550.781
mai/22;APEX-BR;05.507.500/0001-38;48.815.747
mai/22;ABDI;07.200.966/0001-11;7.970.440
jun/22;FNDE;153173 / 15253;2.100.262.846
jun/22;INCRA;373001 / 37201;173.473.299
jun/22;SENAI;33.564.543/0001-90;152.877.257
jun/22;SESI;33.641.358/0001-52;223.025.271
jun/22;SENAC;33.469.172/0001-68;304.443.963
jun/22;SESC;33.469.164/0001-11;529.827.582
jun/22;SEBRAE;00.330.854/0001-45;342.608.153
jun/22;EMBRATUR;35.842.428/0001-66;0
jun/22;DPC;852001 / 00001;13.758.334
jun/22;ANAC;122002 / 00001;24.137.527
jun/22;SENAR;37.138.245/0001-90;218.943.574
jun/22;SEST;73.471.989/0001-95;51.214.656
jun/22;SENAT;73.471.963/0001-47;34.381.451
jun/22;SESCOOP;03.087.543/0001-86;45.632.638
jun/22;SDR;420013 / 00001;592.246
jun/22;APEX-BR;05.507.500/0001-38;49.939.780
jun/22;ABDI;07.200.966/0001-11;8.153.984
jul/22;FNDE;153173 / 15253;2.148.063.754
jul/22;INCRA;373001 / 37201;179.179.299
jul/22;SENAI;33.564.543/0001-90;154.902.461
jul/22;SESI;33.641.358/0001-52;225.490.642
jul/22;SENAC;33.469.172/0001-68;297.453.879
jul/22;SESC;33.469.164/0001-11;521.878.505
jul/22;SEBRAE;00.330.854/0001-45;341.170.946
jul/22;EMBRATUR;35.842.428/0001-66;0
jul/22;DPC;852001 / 00001;14.120.973
jul/22;ANAC;122002 / 00001;22.080.515
jul/22;SENAR;37.138.245/0001-90;225.373.045
jul/22;SEST;73.471.989/0001-95;52.896.067
jul/22;SENAT;73.471.963/0001-47;35.680.304
jul/22;SESCOOP;03.087.543/0001-86;44.720.581
jul/22;SDR;420013 / 00001;582.545
jul/22;APEX-BR;05.507.500/0001-38;49.730.389
jul/22;ABDI;07.200.966/0001-11;8.119.796
ago/22;FNDE;153173 / 15253;2.129.257.858
ago/22;INCRA;373001 / 37201;178.966.631
ago/22;SENAI;33.564.543/0001-90;157.356.040
ago/22;SESI;33.641.358/0001-52;229.029.680
ago/22;SENAC;33.469.172/0001-68;302.238.161
ago/22;SESC;33.469.164/0001-11;527.693.468
ago/22;SEBRAE;00.330.854/0001-45;345.837.443
ago/22;EMBRATUR;35.842.428/0001-66;0
ago/22;DPC;852001 / 00001;13.767.019
ago/22;ANAC;122002 / 00001;23.180.745
ago/22;SENAR;37.138.245/0001-90;210.017.118
ago/22;SEST;73.471.989/0001-95;55.112.255
ago/22;SENAT;73.471.963/0001-47;36.708.141
ago/22;SESCOOP;03.087.543/0001-86;46.996.953
ago/22;SDR;420013 / 00001;583.604
ago/22;APEX-BR;05.507.500/0001-38;50.408.577
ago/22;ABDI;07.200.966/0001-11;8.230.516
set/22;FNDE;153173 / 15253;2.189.953.241
set/22;INCRA;373001 / 37201;182.845.938
set/22;SENAI;33.564.543/0001-90;159.405.232
set/22;SESI;33.641.358/0001-52;234.515.317
set/22;SENAC;33.469.172/0001-68;315.493.973
set/22;SESC;33.469.164/0001-11;552.213.261
set/22;SEBRAE;00.330.854/0001-45;356.648.422
set/22;EMBRATUR;35.842.428/0001-66;0
set/22;DPC;852001 / 00001;19.942.931
set/22;ANAC;122002 / 00001;24.683.722
set/22;SENAR;37.138.245/0001-90;202.887.843
set/22;SEST;73.471.989/0001-95;57.295.185
set/22;SENAT;73.471.963/0001-47;38.241.837
set/22;SESCOOP;03.087.543/0001-86;48.708.296
set/22;SDR;420013 / 00001;590.518
set/22;APEX-BR;05.507.500/0001-38;51.985.659
set/22;ABDI;07.200.966/0001-11;8.488.023
out/22;FNDE;153173 / 15253;2.175.834.913
out/22;INCRA;373001 / 37201;184.130.442
out/22;SENAI;33.564.543/0001-90;159.373.326
out/22;SESI;33.641.358/0001-52;234.093.696
out/22;SENAC;33.469.172/0001-68;312.224.219
out/22;SESC;33.469.164/0001-11;543.634.536
out/22;SEBRAE;00.330.854/0001-45;353.085.316
out/22;EMBRATUR;35.842.428/0001-66;0
out/22;DPC;852001 / 00001;14.903.806
out/22;ANAC;122002 / 00001;23.161.720
out/22;SENAR;37.138.245/0001-90;208.526.288
out/22;SEST;73.471.989/0001-95;58.365.520
out/22;SENAT;73.471.963/0001-47;38.987.286
out/22;SESCOOP;03.087.543/0001-86;48.017.930
out/22;SDR;420013 / 00001;565.164
out/22;APEX-BR;05.507.500/0001-38;51.466.400
out/22;ABDI;07.200.966/0001-11;8.403.219
nov/22;FNDE;153173 / 15253;2.342.144.910
nov/22;INCRA;373001 / 37201;195.384.668
nov/22;SENAI;33.564.543/0001-90;170.179.225
nov/22;SESI;33.641.358/0001-52;248.434.526
nov/22;SENAC;33.469.172/0001-68;335.472.450
nov/22;SESC;33.469.164/0001-11;579.228.955
nov/22;SEBRAE;00.330.854/0001-45;384.388.137
nov/22;EMBRATUR;35.842.428/0001-66;0
nov/22;DPC;852001 / 00001;16.253.368
nov/22;ANAC;122002 / 00001;25.796.007
nov/22;SENAR;37.138.245/0001-90;248.452.948
nov/22;SEST;73.471.989/0001-95;59.654.628
nov/22;SENAT;73.471.963/0001-47;39.742.262
nov/22;SESCOOP;03.087.543/0001-86;54.646.476
nov/22;SDR;420013 / 00001;541.106
nov/22;APEX-BR;05.507.500/0001-38;56.029.984
nov/22;ABDI;07.200.966/0001-11;9.148.316
dez/22;FNDE;153173 / 15253;2.101.912.315
dez/22;INCRA;373001 / 37201;177.493.580
dez/22;SENAI;33.564.543/0001-90;159.959.752
dez/22;SESI;33.641.358/0001-52;233.096.663
dez/22;SENAC;33.469.172/0001-68;303.331.337
dez/22;SESC;33.469.164/0001-11;532.797.046
dez/22;SEBRAE;00.330.854/0001-45;341.659.805
dez/22;EMBRATUR;35.842.428/0001-66;0
dez/22;DPC;852001 / 00001;13.196.764
dez/22;ANAC;122002 / 00001;20.148.853
dez/22;SENAR;37.138.245/0001-90;164.013.828
dez/22;SEST;73.471.989/0001-95;56.335.882
dez/22;SENAT;73.471.963/0001-47;37.617.669
dez/22;SESCOOP;03.087.543/0001-86;51.620.732
dez/22;SDR;420013 / 00001;659.766
dez/22;APEX-BR;05.507.500/0001-38;49.793.803
dez/22;ABDI;07.200.966/0001-11;8.130.144
jan/23;FNDE;153173 / 15253;3.808.893.428
jan/23;INCRA;373001 / 37201;314.737.195
jan/23;SENAI;33.564.543/0001-90;272.836.218
jan/23;SESI;33.641.358/0001-52;397.284.586
jan/23;SENAC;33.469.172/0001-68;549.028.418
jan/23;SESC;33.469.164/0001-11;961.969.924
jan/23;SEBRAE;00.330.854/0001-45;619.609.534
jan/23;EMBRATUR;35.842.428/0001-66;0
jan/23;DPC;852001 / 00001;28.353.331
jan/23;ANAC;122002 / 00001;29.570.863
jan/23;SENAR;37.138.245/0001-90;154.806.704
jan/23;SEST;73.471.989/0001-95;93.355.500
jan/23;SENAT;73.471.963/0001-47;62.076.742
jan/23;SESCOOP;03.087.543/0001-86;86.418.513
jan/23;SDR;420013 / 00001;706.777
jan/23;APEX-BR;05.507.500/0001-38;90.325.515
jan/23;ABDI;07.200.966/0001-11;14.747.605
fev/23;FNDE;153173 / 15253;2.344.276.756
fev/23;INCRA;373001 / 37201;199.586.811
fev/23;SENAI;33.564.543/0001-90;174.329.022
fev/23;SESI;33.641.358/0001-52;254.072.864
fev/23;SENAC;33.469.172/0001-68;325.548.473
fev/23;SESC;33.469.164/0001-11;571.578.944
fev/23;SEBRAE;00.330.854/0001-45;384.224.589
fev/23;EMBRATUR;35.842.428/0001-66;0
fev/23;DPC;852001 / 00001;16.038.473
fev/23;ANAC;122002 / 00001;22.183.120
fev/23;SENAR;37.138.245/0001-90;181.509.335
fev/23;SEST;73.471.989/0001-95;61.028.361
fev/23;SENAT;73.471.963/0001-47;40.821.782
fev/23;SESCOOP;03.087.543/0001-86;55.986.829
fev/23;SDR;420013 / 00001;484.005
fev/23;APEX-BR;05.507.500/0001-38;56.001.167
fev/23;ABDI;07.200.966/0001-11;9.143.663
mar/23;FNDE;153173 / 15253;2.378.998.814
mar/23;INCRA;373001 / 37201;203.001.651
mar/23;SENAI;33.564.543/0001-90;177.659.768
mar/23;SESI;33.641.358/0001-52;261.506.152
mar/23;SENAC;33.469.172/0001-68;345.641.359
mar/23;SESC;33.469.164/0001-11;601.168.082
mar/23;SEBRAE;00.330.854/0001-45;389.816.966
mar/23;EMBRATUR;35.842.428/0001-66;0
mar/23;DPC;852001 / 00001;16.085.082
mar/23;ANAC;122002 / 00001;22.831.664
mar/23;SENAR;37.138.245/0001-90;141.353.316
mar/23;SEST;73.471.989/0001-95;58.670.782
mar/23;SENAT;73.471.963/0001-47;39.138.130
mar/23;SESCOOP;03.087.543/0001-86;55.153.829
mar/23;SDR;420013 / 00001;503.487
mar/23;APEX-BR;05.507.500/0001-38;56.819.452
mar/23;ABDI;07.200.966/0001-11;9.277.209
abr/23;FNDE;153173 / 15253;2.355.592.924
abr/23;INCRA;373001 / 37201;196.583.829
abr/23;SENAI;33.564.543/0001-90;171.349.634
abr/23;SESI;33.641.358/0001-52;252.401.286
abr/23;SENAC;33.469.172/0001-68;338.762.117
abr/23;SESC;33.469.164/0001-11;586.634.010
abr/23;SEBRAE;00.330.854/0001-45;382.709.065
abr/23;EMBRATUR;35.842.428/0001-66;0
abr/23;DPC;852001 / 00001;17.310.429
abr/23;ANAC;122002 / 00001;19.130.301
abr/23;SENAR;37.138.245/0001-90;226.947.080
abr/23;SEST;73.471.989/0001-95;59.062.004
abr/23;SENAT;73.471.963/0001-47;39.413.246
abr/23;SESCOOP;03.087.543/0001-86;51.326.309
abr/23;SDR;420013 / 00001;553.599
abr/23;APEX-BR;05.507.500/0001-38;55.780.154
abr/23;ABDI;07.200.966/0001-11;9.107.548
mai/23;FNDE;153173 / 15253;2.304.385.083
mai/23;INCRA;373001 / 37201;194.643.485
mai/23;SENAI;33.564.543/0001-90;167.769.841
mai/23;SESI;33.641.358/0001-52;246.838.229
mai/23;SENAC;33.469.172/0001-68;329.362.144
mai/23;SESC;33.469.164/0001-11;572.642.763
mai/23;SEBRAE;00.330.854/0001-45;376.218.742
mai/23;EMBRATUR;35.842.428/0001-66;0
mai/23;DPC;852001 / 00001;15.438.745
mai/23;ANAC;122002 / 00001;30.481.721
mai/23;SENAR;37.138.245/0001-90;288.914.577
mai/23;SEST;73.471.989/0001-95;61.629.706
mai/23;SENAT;73.471.963/0001-47;41.296.686
mai/23;SESCOOP;03.087.543/0001-86;53.180.103
mai/23;SDR;420013 / 00001;504.054
mai/23;APEX-BR;05.507.500/0001-38;54.843.735
mai/23;ABDI;07.200.966/0001-11;8.954.639
jun/23;FNDE;153173 / 15253;2.396.797.255
jun/23;INCRA;373001 / 37201;205.084.045
jun/23;SENAI;33.564.543/0001-90;179.643.144
jun/23;SESI;33.641.358/0001-52;263.413.740
jun/23;SENAC;33.469.172/0001-68;344.590.463
jun/23;SESC;33.469.164/0001-11;598.844.449
jun/23;SEBRAE;00.330.854/0001-45;390.353.787
jun/23;EMBRATUR;35.842.428/0001-66;0
jun/23;DPC;852001 / 00001;16.793.970
jun/23;ANAC;122002 / 00001;24.799.014
jun/23;SENAR;37.138.245/0001-90;240.668.958
jun/23;SEST;73.471.989/0001-95;66.049.281
jun/23;SENAT;73.471.963/0001-47;44.017.461
jun/23;SESCOOP;03.087.543/0001-86;58.592.108
jun/23;SDR;420013 / 00001;514.293
jun/23;APEX-BR;05.507.500/0001-38;56.891.958
jun/23;ABDI;07.200.966/0001-11;9.289.077
jul/23;FNDE;153173 / 15253;2.556.983.557
jul/23;INCRA;373001 / 37201;198.109.389
jul/23;SENAI;33.564.543/0001-90;188.400.653
jul/23;SESI;33.641.358/0001-52;277.783.852
jul/23;SENAC;33.469.172/0001-68;380.828.216
jul/23;SESC;33.469.164/0001-11;655.029.657
jul/23;SEBRAE;00.330.854/0001-45;419.645.519
jul/23;EMBRATUR;35.842.428/0001-66;0
jul/23;DPC;852001 / 00001;17.702.282
jul/23;ANAC;122002 / 00001;28.678.219
jul/23;SENAR;37.138.245/0001-90;223.554.101
jul/23;SEST;73.471.989/0001-95;70.527.075
jul/23;SENAT;73.471.963/0001-47;46.705.207
jul/23;SESCOOP;03.087.543/0001-86;57.224.648
jul/23;SDR;420013 / 00001;494.600
jul/23;APEX-BR;05.507.500/0001-38;61.165.757
jul/23;ABDI;07.200.966/0001-11;9.986.820
